No,Code,X,Y,SiteName,FeatureName,Context,SiteType,SampleID,Lab,LabID,Material,BP,Error,灌13C,References,ETC
1,PNTS-1,210309,548074,Pungnaptoseong Hyundai,Dwelling Ga-2,-,Dwelling,-,Seoul National University,-,Charcoal,2190,50,-,"National Research Institute of Cultural Heritage, 2001, Pungnaptoseong ",-
2,PNTS-2,210294,548055,Pungnaptoseong Hyundai,Dwelling Ga-3,-,Dwelling,-,Seoul National University,-,Charcoal,1980,50,-,"National Research Institute of Cultural Heritage, 2001, Pungnaptoseong ",-
3,PNTS-3,210293,548043,Pungnaptoseong Hyundai,Dwelling Ga-4,-,Dwelling,-,Seoul National University,-,Charcoal,1850,50,-,"National Research Institute of Cultural Heritage, 2001, Pungnaptoseong ",-
4,PNTS-4,210228,547933,Pungnaptoseong Hyundai,Dwelling Na-1,-,Dwelling,-,Seoul National University,-,Charcoal,2030,60,-,"National Research Institute of Cultural Heritage, 2001, Pungnaptoseong ",-
5,PNTS-5,210249,547944,Pungnaptoseong Hyundai,Dwelling Na-3,-,Dwelling,-,Seoul National University,-,Charcoal,2150,50,-,"National Research Institute of Cultural Heritage, 2001, Pungnaptoseong ",-
6,PNTS-6,210247,547929,Pungnaptoseong Hyundai,Dwelling Na-8,-,Dwelling,-,Seoul National University,-,Charcoal,2080,60,-,"National Research Institute of Cultural Heritage, 2001, Pungnaptoseong ",-
7,PNTS-7,210270,547883,Pungnaptoseong East Rampart(1st),Inner Rampart of Point B,Upper Section of Rampart No. 3,Rampart,-,Seoul National University,-,Charcoal,1820,50,-,"National Research Institute of Cultural Heritage, 2002, Pungnaptoseong ",-
8,PNTS-8,210381,547988,Pungnaptoseong East Rampart(1st),Inner Rampart of Point A,Muddy Layer of Rampart No. 5,Rampart,-,Seoul National University,-,Charcoal,2050,50,-,"National Research Institute of Cultural Heritage, 2002, Pungnaptoseong ",-
9,PNTS-9,210262,547890,Pungnaptoseong East Rampart(1st),Inner Rampart of Point B,Lower Muddy Layer of Rampart No. 6 Stone Structure,Rampart,-,Seoul National University,-,Charcoal,1930,50,-,"National Research Institute of Cultural Heritage, 2002, Pungnaptoseong ",-
10,PNTS-10,-,-,Pungnaptoseong East Rampart(1st),Northern Trench,Foundation Stone at the Base of Building,Building,-,Seoul National University,-,Charcoal,2050,50,-,"National Research Institute of Cultural Heritage, 2002, Pungnaptoseong ",Inaccurate location
11,PNTS-11,210356,548562,Pungnaptoseong Gyeongdang,Western Ditch of No. 44,-,Ditch,-,Seoul National University,SNU 00-120,Charcoal,1520,40,-26,"Hanshin University Museum, 2004, Pungnaptoseong ",-
12,PNTS-12,210356,548562,Pungnaptoseong Gyeongdang,Eastern Ditch of No. 44,-,Ditch,-,Seoul National University,SNU 00-121,Charcoal,1680,40,-27,"Hanshin University Museum, 2004, Pungnaptoseong ",-
13,PNTS-13,210356,548562,Pungnaptoseong Gyeongdang,Entrance of No. 44,-,Ditch,-,Seoul National University,SNU 00-226,Charcoal,1780,40,-24.5,"Hanshin University Museum, 2004, Pungnaptoseong ",-
14,PNTS-14,210356,548562,Pungnaptoseong Gyeongdang,Western Ditch of No. 44,-,Ditch,-,Seoul National University,SNU 00-227,Charcoal,1900,60,-24,"Hanshin University Museum, 2004, Pungnaptoseong ",-
15,PNTS-15,210322,547836,Pungnaptoseong KEB dormitory,Wood fragment No. 21 of Wooden Well,-,Well,-,Seoul National University,SNU 04-809,Wood,1650,40,-29.11,"National Research Institute of Cultural Heritage, 2007, Pungnaptoseong ",-
16,PNTS-16,210322,547836,Pungnaptoseong KEB dormitory,Wood fragment No. 27 of Wooden Well,-,Well,-,Seoul National University,SNU 04-808,Wood,1660,40,-31.17,"National Research Institute of Cultural Heritage, 2007, Pungnaptoseong ",-
17,PNTS-17,210030,548490,Pungnaptoseong Mirae,Dwelling Ga-1,-,Dwelling,-,Seoul National University,SNU 07-160,Charcoal,1700,50,-29.43,"National Research Institute of Cultural Heritage, 2009, Pungnaptoseong ?",-
18,PNTS-18,210049,548496,Pungnaptoseong Mirae,Dwelling Ga-2,,Dwelling,-,Seoul National University,SNU 07-163,Charcoal,1990,60,-49.08,"National Research Institute of Cultural Heritage, 2009, Pungnaptoseong ?",-
19,PNTS-19,210049,548496,Pungnaptoseong Mirae,Dwelling Ga-2,,Dwelling,-,Seoul National University,SNU 07-164,Charcoal,1470,50,-13.85,"National Research Institute of Cultural Heritage, 2009, Pungnaptoseong ?",-
20,PNTS-20,210034,548491,Pungnaptoseong Mirae,Dwelling Ga-3,,Dwelling,-,Seoul National University,SNU 07-161,Charcoal,1710,50,-26.99,"National Research Institute of Cultural Heritage, 2009, Pungnaptoseong ?",-
21,PNTS-21,210034,548491,Pungnaptoseong Mirae,Dwelling Ga-3,,Dwelling,-,Seoul National University,SNU 07-162,Charcoal,1650,60,-27.28,"National Research Institute of Cultural Heritage, 2009, Pungnaptoseong ?",-
22,PNTS-22,210025,548459,Pungnaptoseong Mirae,Dwelling Ga-6,,Dwelling,-,Seoul National University,SNU 07-167,Charcoal,2070,80,-59.7,"National Research Institute of Cultural Heritage, 2009, Pungnaptoseong ?",-
23,PNTS-23,210025,548459,Pungnaptoseong Mirae,Dwelling Ga-6,,Dwelling,-,Seoul National University,SNU 07-168,Charcoal,1690,50,-26.21,"National Research Institute of Cultural Heritage, 2009, Pungnaptoseong ?",-
24,PNTS-24,210021,548459,Pungnaptoseong Mirae,Pit Ga-1,Layer No. 3 of s63.5w9,Pit,-,Seoul National University,SNU 07-158,Charcoal,1860,50,-20.78,"National Research Institute of Cultural Heritage, 2009, Pungnaptoseong ?",-
25,PNTS-25,210020,548456,Pungnaptoseong Mirae,Pit Ga-1,Lower Layer Ditch of Points A and B,Ditch,-,Seoul National University,SNU 07-159,Charcoal,1670,50,-27.55,"National Research Institute of Cultural Heritage, 2009, Pungnaptoseong ?",-
26,PNTS-26,210053,548453,Pungnaptoseong Mirae,Pit Building Site Ga-30,-,Building,-,Seoul National University,SNU 08-295,Charcoal,1660,50,-27.19,"National Research Institute of Cultural Heritage, 2009, Pungnaptoseong ?",-
27,PNTS-27,210034,548510,Pungnaptoseong Mirae,Pit Ga-48,-,Pit,-,Seoul National University,SNU 07-166,Charcoal,1790,50,-25.89,"National Research Institute of Cultural Heritage, 2009, Pungnaptoseong ?",-
28,PNTS-28,210029,548458,Pungnaptoseong Mirae,Pit Ga-59,-,Pit,-,Seoul National University,SNU  07-165,Charcoal,1640,50,-10.08,"National Research Institute of Cultural Heritage, 2009, Pungnaptoseong ?",-
29,PNTS-29,210045,548457,Pungnaptoseong Mirae,Pit Ga-79,Charcoal Layer,Pit,-,Seoul National University,SNU 08-292,Charcoal,1710,60,-49.46,"National Research Institute of Cultural Heritage, 2009, Pungnaptoseong ?",-
30,PNTS-30,210103,548518,Pungnaptoseong Mirae,Dwelling Na-3,-,Dwelling,-,Seoul National University,SNU 08-297,Charcoal,1700,50,-28.05,"National Research Institute of Cultural Heritage, 2012, Pungnaptoseong ⒱_",-
31,PNTS-31,210043,548528,Pungnaptoseong Mirae,Dwelling Na-6,-,Dwelling,-,Seoul National University,SNU 08-294,Charcoal,1610,50,-32.88,"National Research Institute of Cultural Heritage, 2012, Pungnaptoseong ⒱_",-
32,PNTS-32,210043,548528,Pungnaptoseong Mirae,Dwelling Na-6,Interior of clay stove,Dwelling,-,Seoul National University,SNU 10-521,Charcoal,1670,40,-19.72,"National Research Institute of Cultural Heritage, 2012, Pungnaptoseong ⒱_",-
33,PNTS-33,210113,548530,Pungnaptoseong Mirae,Dwelling Na-7,-,Dwelling,-,Seoul National University,SNU 08-296,Charcoal,1750,50,-29.1,"National Research Institute of Cultural Heritage, 2012, Pungnaptoseong ⒱_",-
34,PNTS-34,210113,548530,Pungnaptoseong Mirae,Dwelling Na-7,-,Dwelling,-,Seoul National University,SNU 10-520,Charcoal,2940,50,-23.95,Unreported,-
35,PNTS-35,210050,548540,Pungnaptoseong Mirae,Dwelling Na-8,-,Dwelling,-,Seoul National University,SNU 08-302,Charcoal,1960,50,-27.06,"National Research Institute of Cultural Heritage, 2012, Pungnaptoseong ⒱_",-
36,PNTS-36,210059,548550,Pungnaptoseong Mirae,Dwelling Na-10,-,Dwelling,-,Seoul National University,SNU 10-522,Charcoal,1960,40,-18.86,"National Research Institute of Cultural Heritage, 2012, Pungnaptoseong ⒱_",-
37,PNTS-37,210059,548550,Pungnaptoseong Mirae,Dwelling Na-10,Lower Section of Iron Sickle,Dwelling,-,Seoul National University,SNU 10-525,Charcoal,1750,40,-26.61,"National Research Institute of Cultural Heritage, 2012, Pungnaptoseong ⒱_",-
38,PNTS-38,210059,548550,Pungnaptoseong Mirae,Dwelling Na-10,Horizontal Timber,Dwelling,-,Seoul National University,SNU 10-526,Charcoal,1780,60,-21.45,"National Research Institute of Cultural Heritage, 2012, Pungnaptoseong ⒱_",-
39,PNTS-39,210059,548550,Pungnaptoseong Mirae,Dwelling Na-10,Wooden Pile at the Eastern Corner,Dwelling,-,Seoul National University,SNU 10-527,Charcoal,1720,40,-40.4,"National Research Institute of Cultural Heritage, 2012, Pungnaptoseong ⒱_",-
40,PNTS-40,210059,548550,Pungnaptoseong Mirae,Dwelling Na-10,2월 1일,Dwelling,-,Seoul National University,SNU 11-R086,Charcoal,1940,40,-,"National Research Institute of Cultural Heritage, 2012, Pungnaptoseong ⒱_",-
41,PNTS-41,210059,548550,Pungnaptoseong Mirae,Dwelling Na-10,2월 2일,Dwelling,-,Seoul National University,SNU 11-R087,Charcoal,1760,40,-,"National Research Institute of Cultural Heritage, 2012, Pungnaptoseong ⒱_",-
42,PNTS-42,210059,548550,Pungnaptoseong Mirae,Dwelling Na-10,6월 1일,Dwelling,-,Seoul National University,SNU 11-R088,Charcoal,1810,50,-,"National Research Institute of Cultural Heritage, 2012, Pungnaptoseong ⒱_",-
43,PNTS-43,210059,548550,Pungnaptoseong Mirae,Dwelling Na-10,1월 14일,Dwelling,-,Seoul National University,SNU 11-R089,Charcoal,5840,70,-,"National Research Institute of Cultural Heritage, 2012, Pungnaptoseong ⒱_",-
44,PNTS-44,210058,548538,Pungnaptoseong Mirae,Dwelling Na-12,-,Dwelling,-,Seoul National University,SNU 08-298,Charcoal,1700,50,-34.01,"National Research Institute of Cultural Heritage, 2012, Pungnaptoseong ⒱_",-
45,PNTS-45,210091,548525,Pungnaptoseong Mirae,Dwelling Na-18,clay stove,Dwelling,-,Seoul National University,SNU 10-528,Charcoal,1690,40,-11.11,"National Research Institute of Cultural Heritage, 2012, Pungnaptoseong ⒱_",-
46,PNTS-46,210115,548526,Pungnaptoseong Mirae,Pit Na-19-1,-,Pit,-,Seoul National University,SNU 08-293,Charcoal,1920,50,-30.6,"National Research Institute of Cultural Heritage, 2012, Pungnaptoseong ⒱_",-
47,PNTS-47,210049,548533,Pungnaptoseong Mirae,Pit Na-36-1,-,Pit,-,Seoul National University,SNU 08-301,Charcoal,1930,50,-1,"National Research Institute of Cultural Heritage, 2012, Pungnaptoseong ⒱_",-
48,PNTS-48,210045,548531,Pungnaptoseong Mirae,Pit Na-39,,Pit,-,Seoul National University,SNU 08-300,Charcoal,1790,50,-16.89,"National Research Institute of Cultural Heritage, 2012, Pungnaptoseong ⒱_",-
49,PNTS-49,210045,548531,Pungnaptoseong Mirae,Pit Na-39,Floor Surface within the Pit,Pit,-,Seoul National University,SNU 10-524,Charcoal,2660,40,-20.54,Unreported,-
50,PNTS-50,210056,548536,Pungnaptoseong Mirae,Pit Na-47,-,Pit,-,Seoul National University,SNU 08-299,Charcoal,1690,50,-21.99,"National Research Institute of Cultural Heritage, 2012, Pungnaptoseong ⒱_",-
51,PNTS-51,210124,548502,Pungnaptoseong Mirae,Dwelling Da-3,Burned Earth Layer within the West Wall Body,Dwelling,-,Seoul National University,SNU 10-531,Charcoal,1850,50,-23.17,"National Research Institute of Cultural Heritage, 2012, Pungnaptoseong ⒱_",-
52,PNTS-52,210124,548502,Pungnaptoseong Mirae,Dwelling Da-3,Eastern wall,Dwelling,-,Seoul National University,SNU 10-532,Charcoal,1790,40,-25.75,"National Research Institute of Cultural Heritage, 2012, Pungnaptoseong ⒱_",-
53,PNTS-53,210132,548491,Pungnaptoseong Mirae,Dwelling Da-5,Charcoal Layer on the Floor,Dwelling,-,Seoul National University,SNU 10-529,Charcoal,1820,50,-26.61,"National Research Institute of Cultural Heritage, 2012, Pungnaptoseong ⒱_",-
54,PNTS-54,210141,548493,Pungnaptoseong Mirae,Dwelling Ra-1,clay stove,Dwelling,-,Seoul National University,SNU 10-534,Charcoal,1880,50,-19.72,"National Research Institute of Cultural Heritage, 2013, Pungnaptoseong ⒱_",-
55,PNTS-55,210128,548486,Pungnaptoseong Mirae,Dwelling Ra-2,Interior of clay stove,Dwelling,-,Seoul National University,SNU 10-533,Charcoal,1900,50,-19.72,"National Research Institute of Cultural Heritage, 2013, Pungnaptoseong ⒱_",-
56,PNTS-56,-,-,Pungnaptoseong Mirae,N40E30 Large Pottery Jar,Interior Large Pottery Jar,-,-,Seoul National University,SNU 10-530,Charcoal,1760,40,-19.72,"National Research Institute of Cultural Heritage, 2012, Pungnaptoseong ⒱_",Inaccurate location
57,PNTS-57,210144,548505,Pungnaptoseong Mirae,Dwelling Ra-3,,Dwelling,-,Seoul National University,SNU 10-R166,Charcoal,1770,50,-15.36,"National Research Institute of Cultural Heritage, 2013, Pungnaptoseong ⒱_",-
58,PNTS-58,210151,548483,Pungnaptoseong Mirae,Dwelling Ra-7,,Dwelling,-,Seoul National University,SNU 10-R167,Charcoal,1850,50,-23.28,"National Research Institute of Cultural Heritage, 2013, Pungnaptoseong ⒱_",-
59,PNTS-59,210161,548471,Pungnaptoseong Mirae,Dwelling Ra-8,-1,Dwelling,-,Seoul National University,SNU 10-R168,Charcoal,1790,50,-21.3,"National Research Institute of Cultural Heritage, 2013, Pungnaptoseong ⒱_",-
60,PNTS-60,210161,548471,Pungnaptoseong Mirae,Dwelling Ra-8,-2,Dwelling,-,Seoul National University,SNU 10-R169,Charcoal,1820,50,-22.4,"National Research Institute of Cultural Heritage, 2013, Pungnaptoseong ⒱_",-
61,PNTS-61,210161,548471,Pungnaptoseong Mirae,Dwelling Ra-8,-3,Dwelling,-,Seoul National University,SNU 10-R170,Charcoal,1760,50,-19.76,"National Research Institute of Cultural Heritage, 2013, Pungnaptoseong ⒱_",-
62,PNTS-62,210161,548471,Pungnaptoseong Mirae,Dwelling Ra-8,-4,Dwelling,-,Seoul National University,SNU 10-R171,Charcoal,1870,50,-21.52,"National Research Institute of Cultural Heritage, 2013, Pungnaptoseong ⒱_",-
63,PNTS-63,210161,548471,Pungnaptoseong Mirae,Dwelling Ra-8,-5,Dwelling,-,Seoul National University,SNU 10-R172,Charcoal,1790,50,-21.52,"National Research Institute of Cultural Heritage, 2013, Pungnaptoseong ⒱_",-
64,PNTS-64,210161,548471,Pungnaptoseong Mirae,Dwelling Ra-8,-6,Dwelling,-,Seoul National University,SNU 10-R173,Charcoal,1820,50,-19.62,"National Research Institute of Cultural Heritage, 2013, Pungnaptoseong ⒱_",-
65,PNTS-65,210161,548471,Pungnaptoseong Mirae,Dwelling Ra-8,-1,Dwelling,-,Seoul National University,SNU 10-R174,Charcoal,2180,50,-22.93,"National Research Institute of Cultural Heritage, 2013, Pungnaptoseong ⒱_",-
66,PNTS-66,210161,548471,Pungnaptoseong Mirae,Dwelling Ra-8,-2,Dwelling,-,Seoul National University,SNU 10-R175,Charcoal,1970,50,-22.4,"National Research Institute of Cultural Heritage, 2013, Pungnaptoseong ⒱_",-
67,PNTS-67,210178,548459,Pungnaptoseong Mirae,Dwelling Na-19,Internal West Wall(No. 1),Dwelling,-,Seoul National University,SNU 11-R090,Charcoal,2000,40,-,"National Research Institute of Cultural Heritage, 2013, Pungnaptoseong ⒱_",-
68,PNTS-68,210178,548459,Pungnaptoseong Mirae,Dwelling Na-19,Internal West Wall(No. 2-1),Dwelling,-,Seoul National University,SNU 11-R091,Charcoal,2070,40,-,"National Research Institute of Cultural Heritage, 2013, Pungnaptoseong ⒱_",-
69,PNTS-69,210178,548459,Pungnaptoseong Mirae,Dwelling Ra-19,Internal West Wall(No. 2-2),Dwelling,-,Seoul National University,SNU 11-R092,Charcoal,2030,50,-,"National Research Institute of Cultural Heritage, 2013, Pungnaptoseong ⒱_",-
70,PNTS-70,210178,548459,Pungnaptoseong Mirae,Dwelling Ra-19,West Wall(No. 3-1),Dwelling,-,Seoul National University,SNU 11-R093,Charcoal,2030,40,-,"National Research Institute of Cultural Heritage, 2013, Pungnaptoseong ⒱_",-
71,PNTS-71,210178,548459,Pungnaptoseong Mirae,Dwelling Ra-19,West Wall(No. 4),Dwelling,-,Seoul National University,SNU 11-R094,Charcoal,1890,40,-,"National Research Institute of Cultural Heritage, 2013, Pungnaptoseong ⒱_",-
72,PNTS-72,210178,548459,Pungnaptoseong Mirae,Dwelling Ra-19,Floor Surface within Grid No. 62(No. 7),Dwelling,-,Seoul National University,SNU 11-R095,Charcoal,2010,40,-,"National Research Institute of Cultural Heritage, 2013, Pungnaptoseong ⒱_",-
73,PNTS-73,210126,548446,Pungnaptoseong Mirae,Dwelling Ma-1,Inner clay stove(No. 1),Dwelling,-,Seoul National University,SNU 11-R096,Charcoal,1800,40,-,"National Research Institute of Cultural Heritage, 2012, Pungnaptoseong ⒱_",-
74,PNTS-74,210126,548446,Pungnaptoseong Mirae,Dwelling Ma-1,Left Side of Clay Stove(No. 2),Dwelling,-,Seoul National University,SNU 11-R097,Charcoal,1840,40,-,"National Research Institute of Cultural Heritage, 2012, Pungnaptoseong ⒱_",-
75,PNTS-75,210126,548446,Pungnaptoseong Mirae,Dwelling Ma-1,Southwest Side of the Dwelling(No. 3),Dwelling,-,Seoul National University,SNU 11-R098,Charcoal,1840,40,-,"National Research Institute of Cultural Heritage, 2012, Pungnaptoseong ⒱_",-
76,PNTS-76,-,-,Pungnaptoseong Gyeongdang,"Gyeongdang Area 1, No. 229-6",-,-,-,KIGAM,KR 08-293,Charcoal,1780,40,-26,"Hanshin University Museum, 2011, Pungnaptoseong ?",Inaccurate location
77,PNTS-77,210336,548493,Pungnaptoseong Gyeongdang,"Gyeongdang Area 1, No. 206",Backfill Layer 2,-,-,KIGAM,KR 08-294,Charcoal,1840,50,-25.6,"Hanshin University Museum, 2011, Pungnaptoseong ?",-
78,PNTS-78,210333,548498,Pungnaptoseong Gyeongdang,Gyeongdang Area 1,Layer 6-1 of the Master Stratigraphy,-,-,KIGAM,KR 08-296,Charcoal,1670,50,-24.6,"Hanshin University Museum, 2011, Pungnaptoseong ?",-
79,PNTS-79,210333,548498,Pungnaptoseong Gyeongdang,Gyeongdang Area 1,Layer 6-2 of the Master Stratigraphy,-,-,KIGAM,KR 08-297,Charcoal,1550,40,-26.1,"Hanshin University Museum, 2011, Pungnaptoseong ?",-
80,PNTS-80,210335,548493,Pungnaptoseong Gyeongdang,"Gyeongdang Area 1, No. 206",Backfill Layer 1,-,-,KIGAM,KR 08-298,Charcoal,1760,40,-26.9,"Hanshin University Museum, 2011, Pungnaptoseong ?",-
81,PNTS-81,210342,548543,Pungnaptoseong Gyeongdang,"Gyeongdang Area 2, No. 101",Layer 2 of the Pit within North-South Baulk D,Pit,-,KIGAM,KR 08-299,Charcoal,1790,40,-27.1,"Hanshin University Museum, 2011, Pungnaptoseong ?",-
82,PNTS-82,210342,548543,Pungnaptoseong Gyeongdang,"Gyeongdang Area 2, No. 101",Layer 5 of the North-South Baulk,Pit,-,KIGAM,KR 08-300,Charcoal,1710,40,-24.7,"Hanshin University Museum, 2011, Pungnaptoseong ?",-
83,PNTS-83,210342,548543,Pungnaptoseong Gyeongdang,"Gyeongdang Area 2, No. 101",Layer 13 of the East-West Baulk,Pit,-,KIGAM,KR 08-301,Charcoal,1660,40,-28.7,"Hanshin University Museum, 2011, Pungnaptoseong ?",-
84,PNTS-84,210356,548559,Pungnaptoseong Gyeongdang,"Gyeongdang Area 3, No. 44",Upper Part of the South Baulk,Building,-,KIGAM,KR 08-303,Charcoal,1840,40,-25.9,"Hanshin University Museum, 2011, Pungnaptoseong ?",-
85,PNTS-85,210356,548559,Pungnaptoseong Gyeongdang,"Gyeongdang Area 3, No. 44",Lower Part of the South Baulk,Building,-,KIGAM,KR 08-304,Charcoal,1760,40,-25.8,"Hanshin University Museum, 2011, Pungnaptoseong ?",-
86,PNTS-86,210356,548559,Pungnaptoseong Gyeongdang,"Gyeongdang Area 3, No. 44",Lower Part of the East Baulk,Building,-,KIGAM,KR 08-305,Charcoal,1750,40,-25.5,"Hanshin University Museum, 2011, Pungnaptoseong ?",-
87,PNTS-87,210356,548559,Pungnaptoseong Gyeongdang,"Gyeongdang Area 3, No. 44",Lower Part of the West Baulk,Building,-,KIGAM,KR 08-306,Charcoal,1740,40,-26.7,"Hanshin University Museum, 2011, Pungnaptoseong ?",-
88,PNTS-88,210356,548559,Pungnaptoseong Gyeongdang,"Gyeongdang Area 3, No. 44",Sample collected during the removal of the upper wall structure,Building,-,KIGAM,KR 08-307,Charcoal,1730,40,-23,"Hanshin University Museum, 2011, Pungnaptoseong ?",-
89,PNTS-89,210356,548559,Pungnaptoseong Gyeongdang,"Gyeongdang Area 3, No. 44",Stone Concentration of the Gateway,Building,-,KIGAM,KR 08-308,Charcoal,1840,40,-26.2,"Hanshin University Museum, 2011, Pungnaptoseong ?",-
90,PNTS-90,210320,548512,Pungnaptoseong Gyeongdang,"Gyeongdang Area 4, No. 196",Pillar,Building,-,KIGAM,KR 08-309,Charcoal,1810,40,-26.4,"Hanshin University Museum, 2011, Pungnaptoseong ?",-
91,PNTS-91,210320,548512,Pungnaptoseong Gyeongdang,"Gyeongdang Area 4, No. 196",Structural Wood of the Wall,Building,-,KIGAM,KR 08-310,Charcoal,1730,40,-26.8,"Hanshin University Museum, 2011, Pungnaptoseong ?",-
92,PNTS-92,210050,547660,Pungnaptoseong East Rampart(2nd),East Rampart,Foundation Work of the Initial Construction,Rampart,PN2011-01,Beta Analytic,BETA-306898,Wood,1770,30,-27.7,"National Research Institute of Cultural Heritage, 2014, Pungnaptoseong ⒱_",Accurate coordinates reported
93,PNTS-93,210050,547660,Pungnaptoseong East Rampart(2nd),East Rampart,Foundation Work of the Initial Construction,Rampart,PN2011-01,University of Glasgow,SUERC-36921,Wood,1790,30,-27.6,"National Research Institute of Cultural Heritage, 2014, Pungnaptoseong ⒱_",Accurate coordinates reported
94,PNTS-94,210047,547661,Pungnaptoseong East Rampart(2nd),East Rampart,Foundation Work of the Initial Construction,Rampart,PN2011-06,Beta Analytic,BETA-306903,Wood,1730,30,-27.8,"National Research Institute of Cultural Heritage, 2014, Pungnaptoseong ⒱_",Accurate coordinates reported
95,PNTS-95,210047,547661,Pungnaptoseong East Rampart(2nd),East Rampart,Foundation Work of the Initial Construction,Rampart,PN2011-06,University of Glasgow,SUERC-36922,Wood,1855,30,-27.8,"National Research Institute of Cultural Heritage, 2014, Pungnaptoseong ⒱_","Accurate coordinates reported, LabID reported as duplicate"
96,PNTS-96,210046,547662,Pungnaptoseong East Rampart(2nd),East Rampart,Foundation Work of the Initial Construction,Rampart,PN2011-06-re,University of Glasgow,SUERC-39134,Wood,1730,25,-28.8,"National Research Institute of Cultural Heritage, 2014, Pungnaptoseong ⒱_",Accurate coordinates reported
97,PNTS-97,210051,547653,Pungnaptoseong East Rampart(2nd),East Rampart,Earthen Fill Work of the Initial Construction,Rampart,PN2011-02(new),Beta Analytic,BETA-307342,Charcoal,1660,30,-24.9,"National Research Institute of Cultural Heritage, 2014, Pungnaptoseong ⒱_",Accurate coordinates reported
98,PNTS-98,210047,547657,Pungnaptoseong East Rampart(2nd),East Rampart,Earthen Fill Work of the Initial Construction,Rampart,PN2011-03,Beta Analytic,BETA-306900,Charcoal,1630,30,-26.5,"National Research Institute of Cultural Heritage, 2014, Pungnaptoseong ⒱_",Accurate coordinates reported
99,PNTS-99,210047,547657,Pungnaptoseong East Rampart(2nd),East Rampart,Earthen Fill Work of the Initial Construction,Rampart,PN2011-03,University of Glasgow,SUERC-37213,Charcoal,1710,40,-27.5,"National Research Institute of Cultural Heritage, 2014, Pungnaptoseong ⒱_","Accurate coordinates reported, LabID reported as duplicate"
100,PNTS-100,210045,547661,Pungnaptoseong East Rampart(2nd),East Rampart,1st Expansion Section,Rampart,PN2011-4,Beta Analytic,BETA-306901,Charcoal,1640,30,-26.7,"National Research Institute of Cultural Heritage, 2014, Pungnaptoseong ⒱_",Accurate coordinates reported
101,PNTS-101,210045,547661,Pungnaptoseong East Rampart(2nd),East Rampart,1st Expansion Section,Rampart,PN2011-4,University of Glasgow,SUERC-36922,Charcoal,1740,35,-26.8,"National Research Institute of Cultural Heritage, 2014, Pungnaptoseong ⒱_","Accurate coordinates reported, LabID reported as duplicate"
102,PNTS-102,210047,547664,Pungnaptoseong East Rampart(2nd),East Rampart,1st Expansion Section,Rampart,PN2011-04-re,University of Glasgow,SUERC-37213,Wood,1895,30,-26.4,"National Research Institute of Cultural Heritage, 2014, Pungnaptoseong ⒱_","Accurate coordinates reported, LabID reported as duplicate"
103,PNTS-103,210054,547651,Pungnaptoseong East Rampart(2nd),East Rampart,Repair Section,Rampart,PN2011-05,Beta Analytic,BETA-306902,Charcoal,1650,30,-26.4,"National Research Institute of Cultural Heritage, 2014, Pungnaptoseong ⒱_",Accurate coordinates reported
104,PNTS-104,210054,547651,Pungnaptoseong East Rampart(2nd),East Rampart,Repair Section,Rampart,PN2011-05,University of Glasgow,SUERC-37331,Charcoal,1760,35,-26.7,"National Research Institute of Cultural Heritage, 2014, Pungnaptoseong ⒱_",Accurate coordinates reported
105,PNTS-105,210056,547654,Pungnaptoseong East Rampart(2nd),East Rampart,Repair Section,Rampart,PN2011-05-re,University of Glasgow,SUERC-39130,Charcoal,1720,30,-24.5,"National Research Institute of Cultural Heritage, 2014, Pungnaptoseong ⒱_",Accurate coordinates reported
106,PNTS-106,210091,547657,Pungnaptoseong Solar House,Ditch Feature,Interior Fill,Ditch,PN-16-1,Beta Analytic,BETA-439595,-,1720,30,-27.2,"Ganghwa Reserch Institute of Cultural Heritage, 2017, Pungnaptoseong XVIII",-
107,PNTS-107,210091,547657,Pungnaptoseong Solar House,Ditch Feature,Findspot of the Baekje Lidded Container,Ditch,PN-16-2,Beta Analytic,BETA-439596,-,1730,30,-26,"Ganghwa Reserch Institute of Cultural Heritage, 2017, Pungnaptoseong XVIII",-
108,PNTS-108,210090,547658,Pungnaptoseong Solar House,Trench No. 2,Packed Gravel Layer,-,PN-16-3,Beta Analytic,BETA-439597,-,1760,30,-25,"Ganghwa Reserch Institute of Cultural Heritage, 2017, Pungnaptoseong XVIII",-
109,PNTS-109,210119,547639,Pungnaptoseong Solar House,"Eastern Extension Section, Pit Interior",-,Pit,PN-16-4,Beta Analytic,BETA-439598,-,1700,30,-23.3,"Ganghwa Reserch Institute of Cultural Heritage, 2017, Pungnaptoseong XVIII",-
110,PNTS-110,210829,548637,474-2 Pungnap-dong,Pit No. 1,1,Pit,-,KIST,KISTAMS 2100140,Charcoal,1683,20,-30.3,"Korea Institute of Heritage, 2023, The Report of Excavation Site at at 474-2, Pungnap-dong, Seoul",-
111,PNTS-111,210829,548637,474-2 Pungnap-dong,Pit No. 1,2,Pit,-,KIST,KISTAMS 2100141,Charcoal,1589,19,-30.7,"Korea Institute of Heritage, 2023, The Report of Excavation Site at at 474-2, Pungnap-dong, Seoul",-
112,PNTS-112,210084,548146,281-4 Pungnap-dong,Pit No. 10,Interior of the Pit,Pit,-,CAL,-,Charcoal,1780,30,-25.53,"Sudo Institute of Cultural Heritage, 2023, The Excavation Report of 281-4, Pungnap-dong, Seoul",-
113,BI-1,209936,546381,41-2 Bangi-dong,Dwelling No. 10,Floor Surface of the Dwelling,Dwelling,-,CAL,-,Charcoal,1500,30,-26.01,"ChunChu Institute of Cultural Heritage, 2024, The Excavation Report of 41-2, Bangi-dong, Seoul",-
114,BI-2,209946,546371,41-2 Bangi-dong,Dwelling No. 13,Floor Surface of the Dwelling,Dwelling,-,CAL,-,Charcoal,1580,30,-18.76,"ChunChu Institute of Cultural Heritage, 2024, The Excavation Report of 41-2, Bangi-dong, Seoul",-
115,BI-3,210072,546313,48 Bangi-dong,Dwelling No. 1,-,Dwelling,Bangi-1,CAL,-,Charcoal,1660,40,-28.45,"Hanul Institute of Cultural Heritage, 2024, The Excavation Report of 48, Bangi-dong, Seoul",-
116,BI-4,210072,546313,48 Bangi-dong,Dwelling No. 1,-,Dwelling,Bangi-2,CAL,-,Charcoal,1770,40,-24.5,"Hanul Institute of Cultural Heritage, 2024, The Excavation Report of 48, Bangi-dong, Seoul",-
117,BI-5,210051,546322,48 Bangi-dong,Dwelling No. 4,-,Dwelling,Bangi-3,CAL,-,Charcoal,1720,40,-24.57,"Hanul Institute of Cultural Heritage, 2024, The Excavation Report of 48, Bangi-dong, Seoul",-
118,BI-6,210043,546320,48 Bangi-dong,Dwelling No. 6,-,Dwelling,Bangi-4,CAL,-,Charcoal,1800,40,-31.95,"Hanul Institute of Cultural Heritage, 2024, The Excavation Report of 48, Bangi-dong, Seoul",-
119,AS-1,211552,550978,193 Amsa-dong,"Point 2, Baekje Pit No. 20",-,Pit,Amsa-6,KIGAM,KGM-OWd190697,-,1340,30,-27.25,"Hanul Institute of Cultural Heritage, 2021, The Excavation Report of 193, Amsa-dong, Seoul",-
120,AS-2,211549,550974,193 Amsa-dong,"Point 2, Unknown Period Pit No. 37",-,Pit,Amsa-7,KIGAM,KGM-OWd190698,-,1330,30,-27.02,"Hanul Institute of Cultural Heritage, 2021, The Excavation Report of 193, Amsa-dong, Seoul",-
121,AS-3,211539,550914,193 Amsa-dong,Point 1. Unknown Period Pit No. 42,-,Pit,Amsa-9,KIGAM,KGM-OWd190700,-,1430,30,-27.98,"Hanul Institute of Cultural Heritage, 2021, The Excavation Report of 193, Amsa-dong, Seoul",Incorrect SiteID
122,CH-1,210827,548887,458-3 Cheonho-dong,Dwelling No. 6,-,Dwelling,-,Radpion,RPC190097,Charcoal,1700,40,-26.4,"Vision Institute of Cultural Heritage, 2021, The Excavation Report of 458-3, Cheonho-dong, Seoul",-
123,CH-2,210763,549554,328-9 Cheonho-dong,Dwelling,Interior of the Dwelling,Dwelling,Sample 1,CAL,CWd231159,Charcoal,1690,30,-30.11,"Sudo Institute of Cultural Heritage, 2024, The Excavation Report of 328-9, Cheonho-dong, Seoul",-
124,MCTS-1,210728,547076,"Mongchontoseong North Gate Site, Inner Side (2013-2014)",Three Kingdoms Period Pit,Floor Surface of the Pit,Pit,Mongchon-14-12,KIGAM,KGM-OWd150397,Charcoal,1570,30,-26.4,"Seoul Baekje Museum, 2016, Mongchontoseong ",-
125,MCTS-2,210610,547198,"Mongchontoseong Northwest Rampart, Wooden Palisade Ditch Section",Rampart,Floor Surface of Pit No. 1,Rampart,Mongchon-14-17,KIGAM,KGM-OWd150402,Charcoal,1550,30,-24.2,"Seoul Baekje Museum, 2016, Mongchontoseong ",-
126,MCTS-3,210593,547176,"Mongchontoseong Northwest Rampart, Wooden Palisade Ditch Section",Pit,Floor Surface of Pit,Pit,Mongchon-14-18,KIGAM,KGM-OWd150403,Charcoal,1600,40,-26.7,"Seoul Baekje Museum, 2016, Mongchontoseong ",-
127,MCTS-4,210761,547076,Mongchontoseong North Gate Site Area (Unified Silla Period),Dwelling No. 19,-,Dwelling,Mongchon-15-2,KIGAM,KGM-OWd150686,Charcoal,1590,30,-18.6,"Seoul Baekje Museum, 2019, Mongchontoseong ",-
128,MCTS-5,210718,547095,Mongchontoseong North Gate Site Area (Unified Silla Period),Dwelling No. 20,Occupation Surface of the Dwelling,Dwelling,Mongchon-15-3,KIGAM,KGM-OWd150687,Charcoal,1300,40,-25.6,"Seoul Baekje Museum, 2019, Mongchontoseong ",-
129,MCTS-6,210718,547095,Mongchontoseong North Gate Site Area (Unified Silla Period),Dwelling No. 20,Stove Entrance,Dwelling,Mongchon-15-4,KIGAM,KGM-OWd150688,Charcoal,1320,30,-20.5,"Seoul Baekje Museum, 2019, Mongchontoseong ",-
130,MCTS-7,210746,547107,Mongchontoseong North Gate Site Area (Unified Silla Period),Dwelling No. 26,Ash Layer within the Interior Fill,Dwelling,Mongchon-15-5,KIGAM,KGM-OWd150689,Charcoal,1480,50,-23.9,"Seoul Baekje Museum, 2019, Mongchontoseong ",-
131,MCTS-8,210742,547099,Mongchontoseong North Gate Site Area (Unified Silla Period),Dwelling No. 27,Occupation Surface of the Dwelling,Dwelling,Mongchon-15-6,KIGAM,KGM-OWd150690,Charcoal,1700,40,-25.2,"Seoul Baekje Museum, 2019, Mongchontoseong ",-
132,MCTS-9,210742,547099,Mongchontoseong North Gate Site Area (Unified Silla Period),Dwelling No. 28,Stove Entrance,Dwelling,Mongchon-15-7,KIGAM,KGM-OWd150691,Charcoal,1590,30,-22.3,"Seoul Baekje Museum, 2019, Mongchontoseong ",-
133,MCTS-10,210752,547094,Mongchontoseong North Gate Site Area (Unified Silla Period),Dwelling No. 28,Occupation Surface of the Dwelling,Dwelling,Mongchon-15-8,KIGAM,KGM-OWd150692,Charcoal,1290,40,-24.8,"Seoul Baekje Museum, 2019, Mongchontoseong ",-
134,MCTS-11,210767,547077,Mongchontoseong North Gate Site Area (Unified Silla Period),Posthole Group B,-,Posthole,Mongchon-15-13,KIGAM,KGM-OWd160101,Charcoal,1770,40,-26.8,"Seoul Baekje Museum, 2019, Mongchontoseong ",-
135,MCTS-12,210734,547008,Mongchontoseong North Gate Site Area (Unified Silla Period),Pit No. 3,Ash Layer on the Floor Surface,Pit,Mongchon-15-22,KIGAM,KGM-OWd160110,Charcoal,1670,30,-25.9,"Seoul Baekje Museum, 2019, Mongchontoseong ",-
136,MCTS-13,210748,547016,Mongchontoseong North Gate Site Area (Unified Silla Period),"District 2, Posthole Group",Floor Surface of the Posthole,Posthole,Mongchon-15-23,KIGAM,KGM-OWd160111,Charcoal,1640,30,-26.8,"Seoul Baekje Museum, 2019, Mongchontoseong ",-
137,MCTS-14,210737,547023,Mongchontoseong North Gate Site Area (Unified Silla Period),"District 2, Well",Ash Layer on the Floor Surface of the Well,Well,Mongchon-15-24,KIGAM,KGM-OWd160112,Charcoal,1380,30,-25.3,"Seoul Baekje Museum, 2019, Mongchontoseong ",-
138,MCTS-15,210735,547032,Mongchontoseong North Gate Site Area (Unified Silla Period),"District 2, Pit No. 1",Occupation Surface of the Pit,Pit,Mongchon-18-04,Radpion,RPC-190055,Charcoal,1770,40,-28.8,"Seoul Baekje Museum, 2019, Mongchontoseong ",-
139,MCTS-16,210736,547078,Mongchontoseong North Gate Site Area (Three Kingdoms Period 1),Pit No. I-2,Floor Surface of the Pit,Pit,Mongchon-14-13,KIGAM,KGM-OWd150398,Charcoal,1640,30,-24.8,"Seoul Baekje Museum, 2021, Mongchontoseong ",Re-reporting what was reported in 2016 (Mongchontoseong ) by modifying FeatureName and Context
140,MCTS-17,210754,547089,Mongchontoseong North Gate Site Area (Three Kingdoms Period 1),Pit No. I-5,Ash Layer on the Floor Surface,Pit,Mongchon15-15,KIGAM,KGM-OWd160103,Charcoal,1610,30,-27,"Seoul Baekje Museum, 2021, Mongchontoseong ",-
141,MCTS-18,210755,547086,Mongchontoseong North Gate Site Area (Three Kingdoms Period 1),Pit No. I-6,Ash Layer on the Floor Surface,Pit,Mongchon-15-16,KIGAM,KGM-OWd160104,Charcoal,1590,30,-28.5,"Seoul Baekje Museum, 2021, Mongchontoseong ",-
142,MCTS-19,210755,547086,Mongchontoseong North Gate Site Area (Three Kingdoms Period 1),Pit No. I-6,-,Pit,Mongchon-16-16,KIGAM,KGM-OWd170052,Charcoal,1560,30,-26.5,"Seoul Baekje Museum, 2021, Mongchontoseong ",-
143,MCTS-20,210755,547086,Mongchontoseong North Gate Site Area (Three Kingdoms Period 1),Pit No. I-6,Ash Layer (Herbaceous Plants),Pit,Mongchon-16-17,KIGAM,KGM-OWd170053,Charcoal,1780,30,-23.6,"Seoul Baekje Museum, 2021, Mongchontoseong ",-
144,MCTS-21,210758,547083,Mongchontoseong North Gate Site Area (Three Kingdoms Period 1),Pit No. I-7,Ash Layer on the Floor Surface,Pit,Mongchon-15-17,KIGAM,KGM-OWd160105,Charcoal,1650,30,-27,"Seoul Baekje Museum, 2021, Mongchontoseong ",-
145,MCTS-22,210758,547083,Mongchontoseong North Gate Site Area (Three Kingdoms Period 1),Pit No. I-7,Left side of the clay stove on the top surface of yellowish-brown clay,Pit,Mongchon-16-18,KIGAM,KGM-OWd170054,Charcoal,1650,30,-22.7,"Seoul Baekje Museum, 2021, Mongchontoseong ",-
146,MCTS-23,210758,547083,Mongchontoseong North Gate Site Area (Three Kingdoms Period 1),Pit No. I-7,Right side of the clay stove within the gray clay of the floor surface,Pit,Mongchon-16-19,KIGAM,KGM-OWd170055,Charcoal,1580,30,-26.2,"Seoul Baekje Museum, 2021, Mongchontoseong ",-
147,MCTS-24,210758,547083,Mongchontoseong North Gate Site Area (Three Kingdoms Period 1),Pit No. I-7,-,Pit,Mongchon-16-20,KIGAM,KGM-OWd170056,Charcoal,1560,30,-21.6,"Seoul Baekje Museum, 2021, Mongchontoseong ",-
148,MCTS-25,210758,547083,Mongchontoseong North Gate Site Area (Three Kingdoms Period 1),Pit No. I-7,-,Pit,Mongchon-17-03,Radpion,RPC-180172,Charcoal,1520,30,-30.8,"Seoul Baekje Museum, 2021, Mongchontoseong ",-
149,MCTS-26,210739,547082,Mongchontoseong North Gate Site Area (Three Kingdoms Period 1),Pit No. I-14,Top of the Ash Layer,Pit,Mongchon-16-23,KIGAM,KGM-OWd170059,Charcoal,1530,30,-23.7,"Seoul Baekje Museum, 2021, Mongchontoseong ",-
150,MCTS-27,210739,547082,Mongchontoseong North Gate Site Area (Three Kingdoms Period 1),Pit No. I-14,Occupation Surface of the Pit,Pit,Mongchon-16-24,KIGAM,KGM-OWd170060,Charcoal,1570,30,-25.2,"Seoul Baekje Museum, 2021, Mongchontoseong ",-
151,MCTS-28,210739,547082,Mongchontoseong North Gate Site Area (Three Kingdoms Period 1),Pit No. I-14,Stove Entrance?,Pit,Mongchon-16-31,KIGAM,KGM-OWd170067,Charcoal,1600,30,-28.3,"Seoul Baekje Museum, 2021, Mongchontoseong ",-
152,MCTS-29,210739,547082,Mongchontoseong North Gate Site Area (Three Kingdoms Period 1),Pit No. I-14,-,Pit,Mongchon-17-15,Radpion,RPC-180179,Charcoal,1540,30,-38.3,"Seoul Baekje Museum, 2021, Mongchontoseong ",-
153,MCTS-30,210744,547074,Mongchontoseong North Gate Site Area (Three Kingdoms Period 1),Pit No. I-15,-,Pit,Mongchon-16-25,KIGAM,KGM-OWd170061,Charcoal,1720,30,-23.4,"Seoul Baekje Museum, 2021, Mongchontoseong ",-
154,MCTS-31,210744,547074,Mongchontoseong North Gate Site Area (Three Kingdoms Period 1),Pit No. I-15,-,Pit,Mongchon-16-26,KIGAM,KGM-OWd170062,Charcoal,1650,30,-26.1,"Seoul Baekje Museum, 2021, Mongchontoseong ",-
155,MCTS-32,210747,547073,Mongchontoseong North Gate Site Area (Three Kingdoms Period 1),Pit No. I-16,-,Pit,Mongchon-16-27,KIGAM,KGM-OWd170063,Charcoal,1630,30,-26.8,"Seoul Baekje Museum, 2021, Mongchontoseong ",-
156,MCTS-33,210750,547089,Mongchontoseong North Gate Site Area (Three Kingdoms Period 1),Pit No. I-25,-,Pit,Mongchon-18-10,Radpion,RPC-190060,Charcoal,1630,40,-27.7,"Seoul Baekje Museum, 2021, Mongchontoseong ",-
157,MCTS-34,210746,547093,Mongchontoseong North Gate Site Area (Three Kingdoms Period 1),Pit No. I-26,-,Pit,Mongchon-17-24,Radpion,RPC-180184,Charcoal,1620,30,-23.1,"Seoul Baekje Museum, 2021, Mongchontoseong ",-
158,MCTS-35,210737,547079,Mongchontoseong North Gate Site Area (Three Kingdoms Period 1),Pit No. I-27,Fired Surface,Pit,Mongchon-16-28,KIGAM,KGM-OWd170064,Charcoal,1610,30,-27.4,"Seoul Baekje Museum, 2021, Mongchontoseong ",-
159,MCTS-36,210737,547079,Mongchontoseong North Gate Site Area (Three Kingdoms Period 1),Pit No. I-27,Inside the stone concentration on the fired surface,Pit,Mongchon-16-29,KIGAM,KGM-OWd170065,Charcoal,1600,30,-26,"Seoul Baekje Museum, 2021, Mongchontoseong ",-
160,MCTS-37,210737,547079,Mongchontoseong North Gate Site Area (Three Kingdoms Period 1),Pit No. I-27,Occupation Surface of the Pit,Pit,Mongchon-16-30,KIGAM,KGM-OWd170066,Charcoal,1660,30,-26.2,"Seoul Baekje Museum, 2021, Mongchontoseong ",-
161,MCTS-38,210749,547094,Mongchontoseong North Gate Site Area (Three Kingdoms Period 1),Pit No. I-30,-,Pit,Mongchon-18-01,Radpion,RPC-180185,Charcoal,1640,30,-22,"Seoul Baekje Museum, 2021, Mongchontoseong ",-
162,MCTS-39,210745,547095,Mongchontoseong North Gate Site Area (Three Kingdoms Period 1),Pit No. I-32,-,Pit,Mongchon-18-08,Radpion,RPC-190058,Charcoal,1620,40,-31.5,"Seoul Baekje Museum, 2021, Mongchontoseong ",-
163,MCTS-40,210741,547095,Mongchontoseong North Gate Site Area (Three Kingdoms Period 1),Pit No. I-33,-,Pit,Mongchon-16-21,KIGAM,KGM-OWd170057,Charcoal,1720,30,-26.4,"Seoul Baekje Museum, 2021, Mongchontoseong ",-
164,MCTS-41,210741,547095,Mongchontoseong North Gate Site Area (Three Kingdoms Period 1),Pit No. I-33,Floor Surface of the Pit,Pit,Mongchon-16-22,KIGAM,KGM-OWd170058,Charcoal,1530,30,-24.1,"Seoul Baekje Museum, 2021, Mongchontoseong ",-
165,MCTS-42,210750,547084,Mongchontoseong North Gate Site Area (Three Kingdoms Period 1),Pit No. I-9,Ash Layer on the Floor Surface,Pit,Mongchon-15-18,KIGAM,KGM-OWd160106,Charcoal,1710,30,-28.4,"Seoul Baekje Museum, 2021, Mongchontoseong ",-
166,MCTS-43,210747,547081,Mongchontoseong North Gate Site Area (Three Kingdoms Period 1),Pit No. I-11,Floor Surface of the Pit,Pit,Mongchon-15-19,KIGAM,KGM-OWd160107,Charcoal,1670,30,-25.6,"Seoul Baekje Museum, 2021, Mongchontoseong ",-
167,MCTS-44,210748,547081,Mongchontoseong North Gate Site Area (Three Kingdoms Period 1),Pit No. I-12,Floor Surface of the Pit,Pit,Mongchon-15-20,KIGAM,KGM-OWd160108,Charcoal,1760,30,-26.6,"Seoul Baekje Museum, 2021, Mongchontoseong ",-
168,MCTS-45,210745,547079,Mongchontoseong North Gate Site Area (Three Kingdoms Period 1),Pit No. I-31,-,Pit,Mongchon-18-02,Radpion,RPC-180186,Charcoal,1630,30,-10.9,"Seoul Baekje Museum, 2021, Mongchontoseong ",-
169,MCTS-46,210745,547079,Mongchontoseong North Gate Site Area (Three Kingdoms Period 1),Pit No. I-31,-,Pit,Mongchon-18-07,Radpion,RPC-190057,Charcoal,1620,40,-34.6,"Seoul Baekje Museum, 2021, Mongchontoseong ",-
170,MCTS-47,210758,547083,Mongchontoseong North Gate Site Area (Three Kingdoms Period 1),Baekje Dwelling No. 2,-,Dwelling,Mongchon-17-11,Radpion,RPC-180177,Charcoal,1620,30,-31.6,"Seoul Baekje Museum, 2021, Mongchontoseong ",-
171,MCTS-48,210731,547099,Mongchontoseong North Gate Site Area (Three Kingdoms Period 2),Baekje Occupation Surface,Baekje occupation surface on the southwest side of Pit No. I-56,-,Mongchon-15-14,KIGAM,KGM-OWd160102,Charcoal,1650,30,-22.6,"Seoul Baekje Museum, 2023, Mongchontoseong ",-
172,MCTS-49,210742,547080,Mongchontoseong North Gate Site Area (Three Kingdoms Period 2),Wall-pillar Building No. I-1,Northwest side of the Wall Trench,Building,Mongchon-17-21,Radpion,RPC-180181,Charcoal,1550,30,-17.8,"Seoul Baekje Museum, 2023, Mongchontoseong ",-
173,MCTS-50,210733,547092,Mongchontoseong North Gate Site Area (Three Kingdoms Period 2),Cultural Layer of Goguryeo,"Upper part of the Embankment Fill Layer (Grid NW18NE13), collected during the removal of the southern baulk",-,Mongchon-17-23,Radpion,RPC-180183,Charcoal,1660,30,-24.3,"Seoul Baekje Museum, 2023, Mongchontoseong ",-
174,MCTS-51,210735,547098,Mongchontoseong North Gate Site Area (Three Kingdoms Period 2),Cultural Layer of Goguryeo,Embankment Fill Layer (Grid NW18NE13),-,Mongchon-18-3,Radpion,RPC-190054,Charcoal,1540,30,-25.2,"Seoul Baekje Museum, 2023, Mongchontoseong ",-
175,MCTS-52,210750,547084,Mongchontoseong North Gate Site Area (Three Kingdoms Period 2),Wall-pillar Building No. I-2,Posthole No. 8,Building,Mongchon-18-5,Radpion,RPC-190056,Charcoal,1590,40,-28.4,"Seoul Baekje Museum, 2023, Mongchontoseong ",-
176,MCTS-53,210737,547103,Mongchontoseong North Gate Site Area (Three Kingdoms Period 3),Inner Fortress Loop Road,Lower Layer of the Inner Fortress Loop Road,Road,120170365-011-00,KIGAM,KGM-OWd170047,Charcoal,1770,30,-24.8,"Seoul Baekje Museum, 2024, Mongchontoseong ",-
177,MCTS-54,210737,547103,Mongchontoseong North Gate Site Area (Three Kingdoms Period 3),Inner Fortress Loop Road,Lower Layer of the Inner Fortress Loop Road,Road,120170365-013-00,KIGAM,KGM-OWd170049,Charcoal,1680,30,-25.9,"Seoul Baekje Museum, 2024, Mongchontoseong ",-
178,MCTS-55,210738,547071,Mongchontoseong North Gate Site Area (Three Kingdoms Period 3),Side Ditch of East-West Road No. 1,Charcoal Layer within Side Ditch of East-West Road No. 1,Road,120170365-014-00,KIGAM,KGM-OWd170050,Charcoal,1640,40,-26.7,"Seoul Baekje Museum, 2024, Mongchontoseong ",-
179,MCTS-56,210738,547071,Mongchontoseong North Gate Site Area (Three Kingdoms Period 3),Side Ditch of East-West Road No. 1,Charcoal Layer within Side Ditch of East-West Road No. 1,Road,120170365-015-00,KIGAM,KGM-OWd170051,Charcoal,1630,30,-20.6,"Seoul Baekje Museum, 2024, Mongchontoseong ",-
180,MCTS-57,210746,547062,Mongchontoseong North Gate Site Area (Three Kingdoms Period 3),"Road Surface of Reconstructed East-West Road No. 1, Baekje","Ash layer on the top surface of the road pavement, East-West Road No. 1 (Baekje Reconstructed Road), Pit 14 (Grid NW16NE12)",Road,-,Radpion,RPC-180182,Charcoal,1660,30,-18.5,"Seoul Baekje Museum, 2024, Mongchontoseong ",-
181,SC-1,209905,546661,20-4 Shincheon-dong,"Area 1, Dwelling No. 2",1,Dwelling,-,Radpion,RPC-220282,Charcoal,1690,40,-31.4,"Dowon Institute of Cultural Heritage, 2024, The Excavation Report of 20-4, Sincheon-dong, Seoul",-
182,SC-2,209905,546661,20-4 Shincheon-dong,"Area 1, Dwelling No. 2",2,Dwelling,-,Radpion,RPC-220283,Charcoal,1730,30,-23,"Dowon Institute of Cultural Heritage, 2024, The Excavation Report of 20-4, Sincheon-dong, Seoul",-
183,SC-3,209905,546661,20-4 Shincheon-dong,"Area 1, Dwelling No. 2",3,Dwelling,-,Radpion,RPC-220284,Charcoal,1730,30,-23.9,"Dowon Institute of Cultural Heritage, 2024, The Excavation Report of 20-4, Sincheon-dong, Seoul",-
184,SC-4,209905,546661,20-4 Shincheon-dong,"Area 1, Dwelling No. 2",4,Dwelling,-,Radpion,RPC-220285,Charcoal,1730,30,-26.2,"Dowon Institute of Cultural Heritage, 2024, The Excavation Report of 20-4, Sincheon-dong, Seoul",-
185,SC-5,210041,546702,20-4 Shincheon-dong,"Area 2, Dwelling No. 3",-,Dwelling,-,Radpion,RPC-220286,Charcoal,1730,30,-24.3,"Dowon Institute of Cultural Heritage, 2024, The Excavation Report of 20-4, Sincheon-dong, Seoul",-
186,SC-6,209995,546697,20-4 Shincheon-dong,"Area 2, Pit No. 4",-,Pit,-,Radpion,RPC-220287,Charcoal,1680,30,-25.7,"Dowon Institute of Cultural Heritage, 2024, The Excavation Report of 20-4, Sincheon-dong, Seoul",-
187,SC-7,209955,546664,20-4 Shincheon-dong,"Area 2, Pit No. 10",-,Pit,-,Radpion,RPC-220288,Charcoal,1760,30,-25.6,"Dowon Institute of Cultural Heritage, 2024, The Excavation Report of 20-4, Sincheon-dong, Seoul",-
188,SC-8,209957,546663,20-4 Shincheon-dong,"Area 2, Pit No. 11",-,Pit,-,Radpion,RPC-220289,Charcoal,1720,40,-27.1,"Dowon Institute of Cultural Heritage, 2024, The Excavation Report of 20-4, Sincheon-dong, Seoul",-
189,SC-9,209956,546658,20-4 Shincheon-dong,"Area 2, Pit No. 12",-,Pit,-,Radpion,RPC-220290,Charcoal,1650,40,-29.1,"Dowon Institute of Cultural Heritage, 2024, The Excavation Report of 20-4, Sincheon-dong, Seoul",-
190,SC-10,209836,546487,20-4 Shincheon-dong,"Area 6, Dwelling No. 1",-,Dwelling,-,Radpion,RPC-220291,Charcoal,1780,30,-27,"Dowon Institute of Cultural Heritage, 2024, The Excavation Report of 20-4, Sincheon-dong, Seoul",-
191,SC-11,209822,546505,20-4 Shincheon-dong,"Area 6, Dwelling No. 3",-,Dwelling,-,Radpion,RPC-220292,Charcoal,1680,30,-26.8,"Dowon Institute of Cultural Heritage, 2024, The Excavation Report of 20-4, Sincheon-dong, Seoul",-
192,SC-12,209794,546471,20-4 Shincheon-dong,"Area 7, Dwelling No. 7",1,Dwelling,-,Radpion,RPC-220293,Charcoal,1710,40,-29.5,"Dowon Institute of Cultural Heritage, 2024, The Excavation Report of 20-4, Sincheon-dong, Seoul",-
193,SC-13,209794,546471,20-4 Shincheon-dong,"Area 7, Dwelling No. 7",2,Dwelling,-,Radpion,RPC-220294,Charcoal,1700,40,-32.9,"Dowon Institute of Cultural Heritage, 2024, The Excavation Report of 20-4, Sincheon-dong, Seoul",-
194,SC-14,209794,546471,20-4 Shincheon-dong,"Area 7, Dwelling No. 7",3,Dwelling,-,Radpion,RPC-220295,Charcoal,1740,40,-32.6,"Dowon Institute of Cultural Heritage, 2024, The Excavation Report of 20-4, Sincheon-dong, Seoul",-
195,SC-15,209794,546471,20-4 Shincheon-dong,"Area 7, Dwelling No. 7",4,Dwelling,-,Radpion,RPC-220296,Charcoal,1730,30,-23.5,"Dowon Institute of Cultural Heritage, 2024, The Excavation Report of 20-4, Sincheon-dong, Seoul",-
196,SC-16,209794,546471,20-4 Shincheon-dong,"Area 7, Dwelling No. 7",5,Dwelling,-,Radpion,RPC-220297,Charcoal,1720,30,-21.1,"Dowon Institute of Cultural Heritage, 2024, The Excavation Report of 20-4, Sincheon-dong, Seoul",-
197,SC-17,209866,546457,20-4 Shincheon-dong,"Area 7, Dwelling No. 13",1,Dwelling,-,Radpion,RPC-220298,Charcoal,1680,30,-28.5,"Dowon Institute of Cultural Heritage, 2024, The Excavation Report of 20-4, Sincheon-dong, Seoul",-
198,SC-18,209866,546457,20-4 Shincheon-dong,"Area 7, Dwelling No. 13",2,Dwelling,-,Radpion,RPC-220299,Charcoal,1650,40,-28.5,"Dowon Institute of Cultural Heritage, 2024, The Excavation Report of 20-4, Sincheon-dong, Seoul",-
199,SC-19,209838,546455,20-4 Shincheon-dong,"Area 7, Dwelling No. 21",1,Dwelling,-,Radpion,RPC-220300,Charcoal,1740,40,-27.1,"Dowon Institute of Cultural Heritage, 2024, The Excavation Report of 20-4, Sincheon-dong, Seoul",-
200,SC-20,209838,546455,20-4 Shincheon-dong,"Area 7, Dwelling No. 21",2,Dwelling,-,Radpion,RPC-220301,Charcoal,3000,40,-26,"Dowon Institute of Cultural Heritage, 2024, The Excavation Report of 20-4, Sincheon-dong, Seoul",-
201,SC-21,209810,546476,20-4 Shincheon-dong,"Area 7, Dwelling No. 22",1,Dwelling,-,Radpion,RPC-220302,Charcoal,1730,40,-22.7,"Dowon Institute of Cultural Heritage, 2024, The Excavation Report of 20-4, Sincheon-dong, Seoul",-
202,SC-22,209810,546476,20-4 Shincheon-dong,"Area 7, Dwelling No. 22",2,Dwelling,-,Radpion,RPC-220303,Charcoal,1760,30,-25.7,"Dowon Institute of Cultural Heritage, 2024, The Excavation Report of 20-4, Sincheon-dong, Seoul",-
203,SC-23,209810,546476,20-4 Shincheon-dong,"Area 7, Dwelling No. 22",3,Dwelling,-,Radpion,RPC-220304,Charcoal,1740,30,-20.1,"Dowon Institute of Cultural Heritage, 2024, The Excavation Report of 20-4, Sincheon-dong, Seoul",-
204,SC-24,209810,546476,20-4 Shincheon-dong,"Area 7, Dwelling No. 22",4,Dwelling,-,Radpion,RPC-220305,Charcoal,1720,40,-27.7,"Dowon Institute of Cultural Heritage, 2024, The Excavation Report of 20-4, Sincheon-dong, Seoul",-
205,SC-25,209810,546476,20-4 Shincheon-dong,"Area 7, Dwelling No. 22",5,Dwelling,-,Radpion,RPC-220306,Charcoal,1750,30,-25.5,"Dowon Institute of Cultural Heritage, 2024, The Excavation Report of 20-4, Sincheon-dong, Seoul",-
206,SC-26,209864,546512,20-4 Shincheon-dong,"Area 7, Dwelling No. 30",-,Dwelling,-,Radpion,RPC-220307,Charcoal,1690,40,-23.3,"Dowon Institute of Cultural Heritage, 2024, The Excavation Report of 20-4, Sincheon-dong, Seoul",-
207,SC-27,209863,546511,20-4 Shincheon-dong,"Area 7, Dwelling No. 32",1,Dwelling,-,Radpion,RPC-220308,Charcoal,1770,40,-37.6,"Dowon Institute of Cultural Heritage, 2024, The Excavation Report of 20-4, Sincheon-dong, Seoul",-
208,SC-28,209863,546511,20-4 Shincheon-dong,"Area 7, Dwelling No. 32",2,Dwelling,-,Radpion,RPC-220309,Charcoal,1710,40,-32.8,"Dowon Institute of Cultural Heritage, 2024, The Excavation Report of 20-4, Sincheon-dong, Seoul",-
209,SC-29,209863,546511,20-4 Shincheon-dong,"Area 7, Dwelling No. 32",3,Dwelling,-,Radpion,RPC-220310,Charcoal,1740,30,-21.1,"Dowon Institute of Cultural Heritage, 2024, The Excavation Report of 20-4, Sincheon-dong, Seoul",-
210,SC-30,209864,546511,20-4 Shincheon-dong,"Area 7, Dwelling No. 37",1,Dwelling,-,Radpion,RPC-220311,Charcoal,1680,40,-25.9,"Dowon Institute of Cultural Heritage, 2024, The Excavation Report of 20-4, Sincheon-dong, Seoul",-
211,SC-31,209864,546511,20-4 Shincheon-dong,"Area 7, Dwelling No. 37",2,Dwelling,-,Radpion,RPC-220312,Charcoal,1740,30,-23.1,"Dowon Institute of Cultural Heritage, 2024, The Excavation Report of 20-4, Sincheon-dong, Seoul",-
212,SC-32,209864,546511,20-4 Shincheon-dong,"Area 7, Dwelling No. 37",3,Dwelling,-,Radpion,RPC-220313,Charcoal,1720,30,-22.7,"Dowon Institute of Cultural Heritage, 2024, The Excavation Report of 20-4, Sincheon-dong, Seoul",-
213,SC-33,209923,546487,20-4 Shincheon-dong,"Area 7, Pit No. 138",-,Pit,-,Radpion,RPC-220314,Charcoal,1640,30,-24.8,"Dowon Institute of Cultural Heritage, 2024, The Excavation Report of 20-4, Sincheon-dong, Seoul",-
214,SC-34,209784,546421,20-4 Shincheon-dong,"Area 8, Dwelling No. 4",-,Dwelling,-,Radpion,RPC-220315,Charcoal,1750,30,-27.6,"Dowon Institute of Cultural Heritage, 2024, The Excavation Report of 20-4, Sincheon-dong, Seoul",-
215,BI-7,210397,545420,Bangi-dong Tombs,Tomb No. 3,"Mound Section, at a depth of 1m below the original burial mound (East Trench No. 2)",Tomb,Mound 1,Radpion,RPC-180032,Charcoal,2730,30,-22.4,"Seoul Baekje Museum, 2019, Tomb No. 3 of the Bangi-dong Ancient Tombs",-
216,BI-8,210393,545417,Bangi-dong Tombs,Tomb No. 3,"Mound Section, Fired-compacted Layer, West Trench No. 2, Tomb No. 3",Tomb,Mound 2-1,Radpion,RPC-180033,Charcoal,2790,30,-23.8,"Seoul Baekje Museum, 2019, Tomb No. 3 of the Bangi-dong Ancient Tombs",-
217,BI-9,210393,545417,Bangi-dong Tombs,Tomb No. 3,"Mound Section, Fired-compacted Layer, West Trench No. 2, Tomb No. 3",Tomb,Mound 2-2,Radpion,RPC-180034,Charcoal,2770,30,-25.8,"Seoul Baekje Museum, 2019, Tomb No. 3 of the Bangi-dong Ancient Tombs",-
218,BI-10,210396,545417,Bangi-dong Tombs,Tomb No. 3,"Mound Section, Fired-compacted Layer, North Trench, Tomb No. 3",Tomb,Mound  3-1,Radpion,RPC-180035,Charcoal,2780,30,-28.7,"Seoul Baekje Museum, 2019, Tomb No. 3 of the Bangi-dong Ancient Tombs",-
219,BI-11,210396,545417,Bangi-dong Tombs,Tomb No. 3,"Mound Section, Fired-compacted Layer, North Trench, Tomb No. 3",Tomb,Mound 3-2,Radpion,RPC-180036,Charcoal,2860,30,-27.7,"Seoul Baekje Museum, 2019, Tomb No. 3 of the Bangi-dong Ancient Tombs",-
220,BI-12,210397,545416,Bangi-dong Tombs,Tomb No. 3,"Fired-compacted hardened surface (West Wall), beneath the rubble stones within the East-West pit of the tomb passage, inside Tomb No. 3",Tomb,4,Radpion,RPC-180037,Charcoal,1500,30,-25.6,"Seoul Baekje Museum, 2019, Tomb No. 3 of the Bangi-dong Ancient Tombs",-
221,BI-13,210396,545417,Bangi-dong Tombs,Tomb No. 3,"Upper fired-compacted hardened surface of the floor, beneath the river gravel pavement in the tomb passage, inside Tomb No. 3",Tomb,5,Radpion,RPC-180038,Charcoal,1490,30,-25.4,"Seoul Baekje Museum, 2019, Tomb No. 3 of the Bangi-dong Ancient Tombs",-
222,BI-14,210396,545417,Bangi-dong Tombs,Tomb No. 3,"Floor at the eastern corner of the passage entrance, inside Tomb No. 3",Tomb,7,Radpion,RPC-180040,Charcoal,1480,30,-28.5,"Seoul Baekje Museum, 2019, Tomb No. 3 of the Bangi-dong Ancient Tombs",-
223,BI-15,210396,545417,Bangi-dong Tombs,Tomb No. 3,"ired-compacted surface on the exposed drainage ditch of the burial chamber floor, inside Tomb No. 3",Tomb,9,Radpion,RPC-180042,Charcoal,1510,30,-28,"Seoul Baekje Museum, 2019, Tomb No. 3 of the Bangi-dong Ancient Tombs",-
224,BI-16,210396,545417,Bangi-dong Tombs,Bronze Age Dwelling No. 1,Charred Structural Element No. 1,Dwelling,10,Radpion,RPC-180043,Charcoal,2940,40,-28.3,"Seoul Baekje Museum, 2019, Tomb No. 3 of the Bangi-dong Ancient Tombs",-
225,BI-17,210396,545417,Bangi-dong Tombs,Bronze Age Dwelling No. 1,Charred Structural Element No. 2,Dwelling,11월 1일,Radpion,RPC-180044,Charcoal,2930,40,-27,"Seoul Baekje Museum, 2019, Tomb No. 3 of the Bangi-dong Ancient Tombs",-
226,BI-18,210396,545417,Bangi-dong Tombs,Bronze Age Dwelling No. 1,Charred Structural Element No. 2,Dwelling,11월 2일,Radpion,RPC-180045,Charcoal,2920,30,-24.5,"Seoul Baekje Museum, 2019, Tomb No. 3 of the Bangi-dong Ancient Tombs",-
227,BI-19,210402,545421,Bangi-dong Tombs,Baekje Dwelling No. 1,Beneath the curbstone near the northwest corner within the sedimentary layer,Dwelling,12,Radpion,RPC-180046,Charcoal,1720,30,-22.7,"Seoul Baekje Museum, 2019, Tomb No. 3 of the Bangi-dong Ancient Tombs",-
228,BI-20,210402,545421,Bangi-dong Tombs,Baekje Dwelling No. 1,Floor at the Stove Entrance,Dwelling,1월 13일,Radpion,RPC-180047,Charcoal,1700,30,-24.7,"Seoul Baekje Museum, 2019, Tomb No. 3 of the Bangi-dong Ancient Tombs",-
229,BI-21,210402,545421,Bangi-dong Tombs,Baekje Dwelling No. 1,Floor at the Stove Entrance,Dwelling,2월 13일,Radpion,RPC-180048,Charcoal,1770,30,-22.7,"Seoul Baekje Museum, 2019, Tomb No. 3 of the Bangi-dong Ancient Tombs",-
230,BI-22,210398,545414,Bangi-dong Tombs,Tomb No. 3,Sample No. 1 on the Burial Chamber Floor,Tomb,"Tomb Chamber Floor, Human Remains No. 3",Radpion,RPC-180119,Tooth,1590,30,-24.6,"Seoul Baekje Museum, 2019, Tomb No. 3 of the Bangi-dong Ancient Tombs",-
231,BI-23,210398,545414,Bangi-dong Tombs,Tomb No. 3,Sample No. 1 on the Burial Chamber Floor,Tomb,"Tomb Chamber Floor, Human Remains No. 4",Radpion,RPC-180122,Bone,1690,30,-19.7,"Seoul Baekje Museum, 2019, Tomb No. 3 of the Bangi-dong Ancient Tombs",-
232,BI-24,210398,545414,Bangi-dong Tombs,Tomb No. 3,Sample No. 1 on the Burial Chamber Floor,Tomb,"Tomb Chamber Floor, Human Remains No. 6",Beta Analytic,Beta-503136,Tooth,1470,30,-18.9,"Seoul Baekje Museum, 2019, Tomb No. 3 of the Bangi-dong Ancient Tombs",-
233,BI-25,210398,545414,Bangi-dong Tombs,Tomb No. 3,Sample No. 1 on the Burial Chamber Floor,Tomb,"Tomb Chamber Floor, Human Remains No. 9",Beta Analytic,Beta-503137,Tooth,1590,30,-18.4,"Seoul Baekje Museum, 2019, Tomb No. 3 of the Bangi-dong Ancient Tombs",-
234,BI-26,210398,545414,Bangi-dong Tombs,Tomb No. 3,Sample No. 2 on the Burial Chamber Floor,Tomb,"Tomb Chamber Floor, Human Remains No. 5",Radpion,RPC-180120,Tooth,1580,30,-24.2,"Seoul Baekje Museum, 2019, Tomb No. 3 of the Bangi-dong Ancient Tombs",-
235,BI-27,210398,545414,Bangi-dong Tombs,Tomb No. 3,-,Tomb,"Tomb Chamber Floor, Human Remains No. 13",Radpion,RPC-180121,Tooth,1680,30,-28,"Seoul Baekje Museum, 2019, Tomb No. 3 of the Bangi-dong Ancient Tombs",-
236,SCT-1,209033,544725,Seokchon-dong Tombs,Stone-mound Tomb No. 1,Interior Embankment Fill,Tomb,-,KIGAM,KGM-OWd180099,Charcoal,1810,30,-,"Seoul Baekje Museum, 2020, Excavation Report  on the Seokchon-dong Ancient Tomb No. 1, Seoul",-
237,SCT-2,209033,544725,Seokchon-dong Tombs,Stone-mound Tomb No. 1,East-West Pit (3),Tomb,-,KIGAM,KGM-OWd180100,Charcoal,1690,30,-,"Seoul Baekje Museum, 2020, Excavation Report  on the Seokchon-dong Ancient Tomb No. 1, Seoul",-
238,SCT-3,209033,544725,Seokchon-dong Tombs,Stone-mound Tomb No. 1,East-West Pit (6),Tomb,-,KIGAM,KGM-OWd180101,Charcoal,1700,30,-,"Seoul Baekje Museum, 2020, Excavation Report  on the Seokchon-dong Ancient Tomb No. 1, Seoul",-
239,SCT-4,209033,544725,Seokchon-dong Tombs,Burial Ritual Feature No. 1,Interiror Artifact-bearing Layer,Tomb,-,KIGAM,KGM-OWd180102,Charcoal,1850,30,-,"Seoul Baekje Museum, 2020, Excavation Report  on the Seokchon-dong Ancient Tomb No. 1, Seoul",-
240,SCT-5,209033,544725,Seokchon-dong Tombs,Burial Ritual Feature No. 1,Interior Artifact-bearing Middle Layer,Tomb,-,KIGAM,KGM-OWd180103,Charcoal,1680,30,-,"Seoul Baekje Museum, 2020, Excavation Report  on the Seokchon-dong Ancient Tomb No. 1, Seoul",-
241,SCT-6,209033,544725,Seokchon-dong Tombs,Burial Ritual Feature No. 1,Interior Artifact-bearing Middle Layer,Tomb,-,KIGAM,KGM-OWd180104,Charcoal,1770,30,-,"Seoul Baekje Museum, 2020, Excavation Report  on the Seokchon-dong Ancient Tomb No. 1, Seoul",-
242,SCT-7,209033,544725,Seokchon-dong Tombs,Burial Ritual Feature No. 1,Interiror Artifact-bearing Layer,Tomb,-,KIGAM,KGM-OWd180105,Charcoal,1730,30,-,"Seoul Baekje Museum, 2020, Excavation Report  on the Seokchon-dong Ancient Tomb No. 1, Seoul",-
243,SCT-8,209033,544725,Seokchon-dong Tombs,Burial Ritual Feature No. 1,Interiror Artifact-bearing Layer,Tomb,-,KIGAM,KGM-OWd180106,Charcoal,1800,30,-,"Seoul Baekje Museum, 2020, Excavation Report  on the Seokchon-dong Ancient Tomb No. 1, Seoul",-
244,SCT-9,209033,544725,Seokchon-dong Tombs,Burial Ritual Feature No. 1,Interior Artifact-bearing Middle Layer,Tomb,-,KIGAM,KGM-OWd180107,Charcoal,1690,30,-,"Seoul Baekje Museum, 2020, Excavation Report  on the Seokchon-dong Ancient Tomb No. 1, Seoul",-
245,SCT-10,209033,544725,Seokchon-dong Tombs,Burial Ritual Feature No. 1,Interior Artifact-bearing Middle Layer,Tomb,-,KIGAM,KGM-OWd180108,Charcoal,1740,30,-,"Seoul Baekje Museum, 2020, Excavation Report  on the Seokchon-dong Ancient Tomb No. 1, Seoul",-
246,SCT-11,209033,544725,Seokchon-dong Tombs,Burial Ritual Feature No. 1,Interior Artifact-bearing Lower Layer,Tomb,-,KIGAM,KGM-OWd180109,Charcoal,1840,30,-,"Seoul Baekje Museum, 2020, Excavation Report  on the Seokchon-dong Ancient Tomb No. 1, Seoul",-
247,SCT-12,209033,544725,Seokchon-dong Tombs,Burial Ritual Feature No. 1,Interior Artifact-bearing Lower Layer,Tomb,-,KIGAM,KGM-OWd180110,Charcoal,1710,30,-,"Seoul Baekje Museum, 2020, Excavation Report  on the Seokchon-dong Ancient Tomb No. 1, Seoul",-
248,SCT-13,209033,544725,Seokchon-dong Tombs,Burial Ritual Feature No. 1,Interior Artifact-bearing Middle Layer,Tomb,-,KIGAM,KGM-OWd180111,Charcoal,1750,30,-,"Seoul Baekje Museum, 2020, Excavation Report  on the Seokchon-dong Ancient Tomb No. 1, Seoul",-
249,SCT-14,209037,544719,Seokchon-dong Tombs,Junction of No. 2,"Embankment fill layer beneath the gravel layer, underlying the clay section of the southeast face",Tomb,1,Radpion,RPC-190029,Charcoal,1800,40,-25,"Seoul Baekje Museum, 2019, Excavation Report  on the Seokchon-dong Ancient Tomb No. 1, Seoul",-
250,SCT-15,209037,544719,Seokchon-dong Tombs,Junction of No. 2,"Embankment fill layer beneath the gravel layer, underlying the clay section of the southeast face",Tomb,2,Radpion,RPC-190030,Charcoal,1730,40,-24.6,"Seoul Baekje Museum, 2019, Excavation Report  on the Seokchon-dong Ancient Tomb No. 1, Seoul",-
251,SCT-16,209024,544719,Seokchon-dong Tombs,Stone-mound Tomb No. 8,Lower stone pavement layer within the East-West pit,Tomb,3,Radpion,RPC-190031,Charcoal,1810,30,-18,"Seoul Baekje Museum, 2019, Excavation Report  on the Seokchon-dong Ancient Tomb No. 1, Seoul",-
252,SCT-17,209024,544719,Seokchon-dong Tombs,Stone-mound Tomb No. 8,Lower stone pavement layer within the East-West pit,Tomb,4,Radpion,RPC-190032,Charcoal,1720,40,-20,"Seoul Baekje Museum, 2019, Excavation Report  on the Seokchon-dong Ancient Tomb No. 1, Seoul",-
253,SCT-18,209024,544719,Seokchon-dong Tombs,Stone-mound Tomb No. 8,Interior fill of Pit No. 1 within the East-West Pit,Tomb,5,Radpion,RPC-190033,Charcoal,1720,40,-19.9,"Seoul Baekje Museum, 2019, Excavation Report  on the Seokchon-dong Ancient Tomb No. 1, Seoul",-
254,SCT-19,209024,544719,Seokchon-dong Tombs,Stone-mound Tomb No. 8,Interior fill of Pit No. 1 within the East-West Pit,Tomb,6,Radpion,RPC-190034,Charcoal,1850,40,-29.6,"Seoul Baekje Museum, 2019, Excavation Report  on the Seokchon-dong Ancient Tomb No. 1, Seoul",-
255,SCT-20,209024,544719,Seokchon-dong Tombs,Stone-mound Tomb No. 8,Interior fill of Pit No. 2 within the East-West Pit,Tomb,7,Radpion,RPC-190035,Charcoal,1720,40,-26.8,"Seoul Baekje Museum, 2019, Excavation Report  on the Seokchon-dong Ancient Tomb No. 1, Seoul",-
256,SCT-21,209024,544719,Seokchon-dong Tombs,Stone-mound Tomb No. 8,Interior fill of Pit No. 2 within the East-West Pit,Tomb,8,Radpion,RPC-190036,Charcoal,1710,40,-25.6,"Seoul Baekje Museum, 2019, Excavation Report  on the Seokchon-dong Ancient Tomb No. 1, Seoul",-
257,SCT-22,209033,544725,Seokchon-dong Tombs,Stone-mound Tomb No. 1,Interior fill of the feature in the lower layer of the North-South Pit,Tomb,9,Radpion,RPC-190037,Charcoal,1700,40,-26.9,"Seoul Baekje Museum, 2019, Excavation Report  on the Seokchon-dong Ancient Tomb No. 1, Seoul",-
258,SCT-23,209033,544725,Seokchon-dong Tombs,Stone-mound Tomb No. 1,Interior fill of the feature in the lower layer of the North-South Pit,Tomb,10,Radpion,RPC-190038,Charcoal,1670,40,-28.1,"Seoul Baekje Museum, 2019, Excavation Report  on the Seokchon-dong Ancient Tomb No. 1, Seoul",-
259,SCT-24,209049,544715,Seokchon-dong Tombs,Burial Ritual Feature No. 7,Outer stacking layer within the embankment fill,Tomb,11,Radpion,RPC-190039,Charcoal,1600,40,-29.5,"Seoul Baekje Museum, 2019, Excavation Report  on the Seokchon-dong Ancient Tomb No. 1, Seoul",-
260,SCT-25,209049,544715,Seokchon-dong Tombs,Burial Ritual Feature No. 7,Outer stacking layer within the embankment fill,Tomb,12,Radpion,RPC-190040,Charcoal,1690,40,-27.4,"Seoul Baekje Museum, 2019, Excavation Report  on the Seokchon-dong Ancient Tomb No. 1, Seoul",-
261,SCT-26,209049,544715,Seokchon-dong Tombs,Burial Ritual Feature No. 7,Outer stacking layer within the embankment fill,Tomb,13,Radpion,RPC-190041,Charcoal,1720,40,-25.5,"Seoul Baekje Museum, 2019, Excavation Report  on the Seokchon-dong Ancient Tomb No. 1, Seoul",-
262,SCT-27,209049,544715,Seokchon-dong Tombs,Burial Ritual Feature No. 7,Outer stacking layer within the embankment fill,Tomb,14,Radpion,RPC-190042,Charcoal,1700,30,-23.4,"Seoul Baekje Museum, 2019, Excavation Report  on the Seokchon-dong Ancient Tomb No. 1, Seoul",-
263,SCT-28,209049,544715,Seokchon-dong Tombs,Burial Ritual Feature No. 7,Outer stacking layer within the embankment fill,Tomb,15,Radpion,RPC-190043,Charcoal,1700,40,-24.9,"Seoul Baekje Museum, 2019, Excavation Report  on the Seokchon-dong Ancient Tomb No. 1, Seoul",-
264,SCT-29,209049,544715,Seokchon-dong Tombs,Burial Ritual Feature No. 7,Outer stacking layer within the embankment fill,Tomb,16,Radpion,RPC-190044,Charcoal,1700,40,-25.8,"Seoul Baekje Museum, 2019, Excavation Report  on the Seokchon-dong Ancient Tomb No. 1, Seoul",-
265,SCT-30,209040,544721,Seokchon-dong Tombs,Wooden-coffin tomb No. 4,Interior fill of the southeast section,Tomb,17,Radpion,RPC-190045,Charcoal,1700,40,-28,"Seoul Baekje Museum, 2019, Excavation Report  on the Seokchon-dong Ancient Tomb No. 1, Seoul",-
266,SCT-31,209040,544721,Seokchon-dong Tombs,Wooden-coffin tomb No. 4,Interior fill of the southeast section,Tomb,18,Radpion,RPC-190046,Charcoal,2150,40,-26.2,"Seoul Baekje Museum, 2019, Excavation Report  on the Seokchon-dong Ancient Tomb No. 1, Seoul",-
267,SCT-32,209040,544721,Seokchon-dong Tombs,Wooden-coffin tomb No. 4,Interior fill of the northeast section,Tomb,19,Radpion,RPC-190047,Charcoal,1710,40,-25.6,"Seoul Baekje Museum, 2019, Excavation Report  on the Seokchon-dong Ancient Tomb No. 1, Seoul",-
268,SCT-33,209040,544721,Seokchon-dong Tombs,Wooden-coffin tomb No. 4,Interior fill of the northeast section,Tomb,20,Radpion,RPC-190048,Charcoal,1860,40,-23.4,"Seoul Baekje Museum, 2019, Excavation Report  on the Seokchon-dong Ancient Tomb No. 1, Seoul",-
269,SCT-34,209034,544734,Seokchon-dong Tombs,Dwelling No. 1,Structural remains (charred posts and ceiling) from abandonment by fire,Dwelling,-,Radpion,RPC-200114,Charcoal,1710,40,-24.8,"Seoul Baekje Museum, 2020, Excavation Report  on the Seokchon-dong Ancient Tomb No. 1, Seoul",-
270,SCT-35,209034,544734,Seokchon-dong Tombs,Dwelling No. 1,"Charred Wood , Upper West Wall Surface",Dwelling,-,Radpion,RPC-200115,Charcoal,1650,40,-25.5,"Seoul Baekje Museum, 2020, Excavation Report  on the Seokchon-dong Ancient Tomb No. 1, Seoul",-
271,SCT-36,209034,544734,Seokchon-dong Tombs,Dwelling No. 1,"Charred wood from beneath Pottery 7, recovered from the occupation surface at the base of the West Wall",Dwelling,-,Radpion,RPC-200116,Charcoal,1730,40,-24.1,"Seoul Baekje Museum, 2020, Excavation Report  on the Seokchon-dong Ancient Tomb No. 1, Seoul",-
272,SCT-37,209034,544734,Seokchon-dong Tombs,Dwelling No. 1,Charred wood from the occupation surface at the base of the South Wall,Dwelling,-,Radpion,RPC-200117,Charcoal,1740,40,-25.6,"Seoul Baekje Museum, 2020, Excavation Report  on the Seokchon-dong Ancient Tomb No. 1, Seoul",-
273,SCT-38,209034,544734,Seokchon-dong Tombs,Dwelling No. 1,Floor outside the stove ,Dwelling,-,Radpion,RPC-200118,Charcoal,1730,40,-26.9,"Seoul Baekje Museum, 2020, Excavation Report  on the Seokchon-dong Ancient Tomb No. 1, Seoul",-
274,SCT-39,209034,544734,Seokchon-dong Tombs,Dwelling No. 1,Floor outside the stove ,Dwelling,-,Radpion,RPC-200119,Charcoal,1750,40,-27.7,"Seoul Baekje Museum, 2020, Excavation Report  on the Seokchon-dong Ancient Tomb No. 1, Seoul",-
275,SCT-40,209034,544734,Seokchon-dong Tombs,Dwelling No. 1,Charred wood from the floor of the internal pit ,Dwelling,-,Radpion,RPC-200120,Charcoal,1670,40,-24.2,"Seoul Baekje Museum, 2020, Excavation Report  on the Seokchon-dong Ancient Tomb No. 1, Seoul",-
276,SCT-41,209034,544734,Seokchon-dong Tombs,Dwelling No. 1,Charred wood from the floor of the internal pit ,Dwelling,-,Radpion,RPC-200121,Charcoal,1620,40,-26.1,"Seoul Baekje Museum, 2020, Excavation Report  on the Seokchon-dong Ancient Tomb No. 1, Seoul",-
277,SCT-42,209034,544734,Seokchon-dong Tombs,Dwelling No. 1,Interior Pit,Dwelling,-,Radpion,RPC-200122,Charcoal,1780,40,-28.1,"Seoul Baekje Museum, 2020, Excavation Report  on the Seokchon-dong Ancient Tomb No. 1, Seoul",-
278,SCT-43,209040,544716,Seokchon-dong Tombs,Stone-mound Tomb No. 7,Interior Embankment Fill Layer,Tomb,-,Radpion,RPC-200123,Charcoal,2090,40,-26.2,"Seoul Baekje Museum, 2020, Excavation Report  on the Seokchon-dong Ancient Tomb No. 1, Seoul",-
279,SCT-44,209040,544716,Seokchon-dong Tombs,Stone-mound Tomb No. 7,Embankment Fill Layer ,Tomb,-,Radpion,RPC-200124,Charcoal,2170,40,-29.4,"Seoul Baekje Museum, 2020, Excavation Report  on the Seokchon-dong Ancient Tomb No. 1, Seoul",-
280,SCT-45,209047,544715,Seokchon-dong Tombs,Stone-mound Tomb No. 7,Interior fill of the bottom-most pit,Tomb,-,Radpion,RPC-200125,Charcoal,1740,30,-26.2,"Seoul Baekje Museum, 2020, Excavation Report  on the Seokchon-dong Ancient Tomb No. 1, Seoul",-
281,SCT-46,209028,544711,Seokchon-dong Tombs,Stone-mound Tomb No. 4-1,Fire-compacted surface within the interior embankment fill,Tomb,-,Radpion,RPC-200126,Charcoal,1640,30,-24.1,"Seoul Baekje Museum, 2020, Excavation Report  on the Seokchon-dong Ancient Tomb No. 1, Seoul",-
282,SCT-47,209028,544711,Seokchon-dong Tombs,Stone-mound Tomb No. 4-1,Fire-compacted layer  in the South Trench,Tomb,-,Radpion,RPC-200127,Charcoal,1720,30,-24.8,"Seoul Baekje Museum, 2020, Excavation Report  on the Seokchon-dong Ancient Tomb No. 1, Seoul",-
283,SCT-48,209028,544711,Seokchon-dong Tombs,Stone-mound Tomb No. 4-1,Fire-compacted layer  in the South Trench,Tomb,-,Radpion,RPC-200128,Charcoal,1630,30,-23.8,"Seoul Baekje Museum, 2020, Excavation Report  on the Seokchon-dong Ancient Tomb No. 1, Seoul",-
284,SCT-49,209023,544720,Seokchon-dong Tombs,Stone-mound Tomb No. 8,Interior Embankment Fill Layer,Tomb,-,Radpion,RPC-200129,Charcoal,1660,30,-26.3,"Seoul Baekje Museum, 2020, Excavation Report  on the Seokchon-dong Ancient Tomb No. 1, Seoul",-
285,SCT-50,209023,544720,Seokchon-dong Tombs,Stone-mound Tomb No. 8,Artifact discard surface  in the East-West Pit,Tomb,-,Radpion,RPC-200130,Charcoal,1730,30,-27.7,"Seoul Baekje Museum, 2020, Excavation Report  on the Seokchon-dong Ancient Tomb No. 1, Seoul",-
286,SCT-51,209023,544720,Seokchon-dong Tombs,Stone-mound Tomb No. 8,Artifact discard surface  in the East-West Pit,Tomb,-,Radpion,RPC-200131,Charcoal,1680,40,-28.7,"Seoul Baekje Museum, 2020, Excavation Report  on the Seokchon-dong Ancient Tomb No. 1, Seoul",-
287,SCT-52,209041,544709,Seokchon-dong Tombs,Stone-mound Tomb No. 9,Interior Embankment Fill Layer,Tomb,-,Radpion,RPC-200132,Charcoal,1710,30,-21.8,"Seoul Baekje Museum, 2020, Excavation Report  on the Seokchon-dong Ancient Tomb No. 1, Seoul",-
288,SCT-53,209041,544709,Seokchon-dong Tombs,Stone-mound Tomb No. 9,Embankment Fill Layer ,Tomb,-,Radpion,RPC-200133,Charcoal,1700,30,-22.6,"Seoul Baekje Museum, 2020, Excavation Report  on the Seokchon-dong Ancient Tomb No. 1, Seoul",-
289,SCT-54,209041,544709,Seokchon-dong Tombs,Stone-mound Tomb No. 9,Embankment Fill Layer ,Tomb,-,Radpion,RPC-200134,Charcoal,1700,30,-25,"Seoul Baekje Museum, 2020, Excavation Report  on the Seokchon-dong Ancient Tomb No. 1, Seoul",-
290,SCT-55,209007,544656,Seokchon-dong Tombs,Trench No. 5 in the Vicinity of Tomb No. 1,Sedimentary layer deposited immediately prior to the construction of the stone-mound tomb in the southwest area,Others,-,Radpion,RPC-200135,Charcoal,1630,30,-16.7,"Seoul Baekje Museum, 2020, Excavation Report  on the Seokchon-dong Ancient Tomb No. 1, Seoul",-
291,SCT-56,209023,544720,Seokchon-dong Tombs,Stone-mound Tomb No. 8,Artifact-bearing Layer ?,Tomb,-,Radpion,RPC-220168,Charcoal,1710,30,-25.9,"Seoul Baekje Museum, 2022, Excavation Report  on the Seokchon-dong Ancient Tomb No. 1, Seoul",-
292,SCT-57,209023,544720,Seokchon-dong Tombs,Stone-mound Tomb No. 8,Wood Planking Layer ⒱_,Tomb,-,Radpion,RPC-220169,Charcoal,1690,40,-45.3,"Seoul Baekje Museum, 2022, Excavation Report  on the Seokchon-dong Ancient Tomb No. 1, Seoul",-
293,SCT-58,209023,544720,Seokchon-dong Tombs,Stone-mound Tomb No. 8,Wood Planking Layer ⒱_,Tomb,-,Radpion,RPC-220170,Charcoal,1720,30,-37.2,"Seoul Baekje Museum, 2022, Excavation Report  on the Seokchon-dong Ancient Tomb No. 1, Seoul",-
294,SCT-59,209024,544679,Seokchon-dong Tombs,Stone-mound Tomb No. 21,Layer -2 of the pit within the eastern extension of the trench,Tomb,-,Radpion,RPC-220171,Charcoal,2060,30,-31.3,"Seoul Baekje Museum, 2022, Excavation Report  on the Seokchon-dong Ancient Tomb No. 1, Seoul",-
295,SCT-60,209024,544679,Seokchon-dong Tombs,Stone-mound Tomb No. 21,Layer -2 of the pit within the eastern extension of the trench,Tomb,-,Radpion,RPC-220172,Charcoal,2060,30,-35.5,"Seoul Baekje Museum, 2022, Excavation Report  on the Seokchon-dong Ancient Tomb No. 1, Seoul",-
296,SCT-61,209022,544660,Seokchon-dong Tombs,Stone-mound Tomb No. 26,Burnt soil layer ⒱_-5 at 60cm below the surface,Tomb,-,Radpion,RPC-220173,Charcoal,2130,30,-37.4,"Seoul Baekje Museum, 2022, Excavation Report  on the Seokchon-dong Ancient Tomb No. 1, Seoul",-
297,SCT-62,209022,544660,Seokchon-dong Tombs,Stone-mound Tomb No. 26,Burnt soil layer ⒱_-5 at 60cm below the surface,Tomb,-,Radpion,RPC-220174,Charcoal,2120,30,-33.1,"Seoul Baekje Museum, 2022, Excavation Report  on the Seokchon-dong Ancient Tomb No. 1, Seoul",-
298,SCT-63,209030,544659,Seokchon-dong Tombs,Stone-mound Tomb No. 28,Vicinity of the upper stone pavement layer,Tomb,-,Radpion,RPC-220175,Charcoal,1750,40,-16.2,"Seoul Baekje Museum, 2022, Excavation Report  on the Seokchon-dong Ancient Tomb No. 1, Seoul",-
299,SCT-64,209030,544659,Seokchon-dong Tombs,Stone-mound Tomb No. 28,Vicinity of the upper stone pavement layer,Tomb,-,Radpion,RPC-220176,Charcoal,1770,30,-26.8,"Seoul Baekje Museum, 2022, Excavation Report  on the Seokchon-dong Ancient Tomb No. 1, Seoul",-
300,SCT-65,209030,544659,Seokchon-dong Tombs,Stone-mound Tomb No. 28,Lower Gravel Layer,Tomb,-,Radpion,RPC-220177,Charcoal,1750,30,-27.6,"Seoul Baekje Museum, 2022, Excavation Report  on the Seokchon-dong Ancient Tomb No. 1, Seoul",-
301,SCT-66,209030,544659,Seokchon-dong Tombs,Stone-mound Tomb No. 28,Lower Gravel Layer,Tomb,-,Radpion,RPC-220178,Charcoal,1760,30,-19.5,"Seoul Baekje Museum, 2022, Excavation Report  on the Seokchon-dong Ancient Tomb No. 1, Seoul",-
302,SCT-67,209026,544664,Seokchon-dong Tombs,Pit No. 2,Upper Deposit,Pit,-,Radpion,RPC-220179,Charcoal,2220,30,-20.7,"Seoul Baekje Museum, 2022, Excavation Report  on the Seokchon-dong Ancient Tomb No. 1, Seoul",-
303,SCT-68,209026,544664,Seokchon-dong Tombs,Pit No. 2,Samples recovered from the stratigraphic profile,Pit,-,Radpion,RPC-220180,Charcoal,2240,30,-22.5,"Seoul Baekje Museum, 2022, Excavation Report  on the Seokchon-dong Ancient Tomb No. 1, Seoul",-
304,SCT-69,209026,544677,Seokchon-dong Tombs,Pit No. 3,-,Pit,-,Radpion,RPC-220181,Charcoal,1800,40,-19.6,"Seoul Baekje Museum, 2022, Excavation Report  on the Seokchon-dong Ancient Tomb No. 1, Seoul",-
305,SCT-70,209026,544677,Seokchon-dong Tombs,Pit No. 3,-,Pit,-,Radpion,RPC-220182,Charcoal,1760,40,-24.6,"Seoul Baekje Museum, 2022, Excavation Report  on the Seokchon-dong Ancient Tomb No. 1, Seoul",-
306,SCT-71,209026,544677,Seokchon-dong Tombs,Pit No. 3,-,Pit,-,Radpion,RPC-220183,Charcoal,1720,40,-28.9,"Seoul Baekje Museum, 2022, Excavation Report  on the Seokchon-dong Ancient Tomb No. 1, Seoul",-
307,SCT-72,209026,544677,Seokchon-dong Tombs,Pit No. 3,-,Pit,-,Radpion,RPC-220184,Charcoal,1780,40,-25.5,"Seoul Baekje Museum, 2022, Excavation Report  on the Seokchon-dong Ancient Tomb No. 1, Seoul",-
308,SCT-73,209025,544728,Seokchon-dong Tombs,Stone-mound Tomb No. 2,Broken stone pavement layer within the trench,Tomb,-,Radpion,RPC-230536,Charcoal,1770,40,-24.7,"Seoul Baekje Museum, 2023, Excavation Report  on the Seokchon-dong Ancient Tomb No. 1, Seoul",-
309,SCT-74,209025,544728,Seokchon-dong Tombs,Stone-mound Tomb No. 2,Collapse inside Wooden Chamber Tomb No. 17,Tomb,-,Radpion,RPC-230537,Charcoal,1670,40,-23.3,"Seoul Baekje Museum, 2023, Excavation Report  on the Seokchon-dong Ancient Tomb No. 1, Seoul",-
310,SCT-75,209024,544677,Seokchon-dong Tombs,Dwelling No. 2,Layer 2 of the clay stove interior fill,Dwelling,-,Radpion,RPC-230538,Charcoal,1690,40,-21.4,"Seoul Baekje Museum, 2023, Excavation Report  on the Seokchon-dong Ancient Tomb No. 1, Seoul",-
311,SCT-76,209024,544677,Seokchon-dong Tombs,Dwelling No. 2,Layer 2 of the clay stove interior fill,Dwelling,-,Radpion,RPC-230539,Charcoal,1600,40,-23,"Seoul Baekje Museum, 2023, Excavation Report  on the Seokchon-dong Ancient Tomb No. 1, Seoul",-
312,SCT-77,209023,544692,Seokchon-dong Tombs,Dwelling No. 3,Frontal section of the clay stove,Dwelling,-,Radpion,RPC-230540,Charcoal,1850,40,-23.3,"Seoul Baekje Museum, 2023, Excavation Report  on the Seokchon-dong Ancient Tomb No. 1, Seoul",-
313,SCT-78,209025,544692,Seokchon-dong Tombs,Pit No. 4,Interior Embankment Fill,Pit,-,Radpion,RPC-230541,Charcoal,1660,40,-23.7,"Seoul Baekje Museum, 2023, Excavation Report  on the Seokchon-dong Ancient Tomb No. 1, Seoul",-
314,SCT-79,209023,544720,Seokchon-dong Tombs,Stone-mound Tomb No. 8,-,Tomb,-,Radpion,RPC-210207,Charcoal,1720,30,-27.4,"Seoul Baekje Museum, 2024, Excavation Report  on the Seokchon-dong Ancient Tomb No. 1, Seoul",-
315,SCT-80,209023,544720,Seokchon-dong Tombs,Stone-mound Tomb No. 8,-,Tomb,-,Radpion,RPC-210208,Charcoal,1800,30,-25.1,"Seoul Baekje Museum, 2024, Excavation Report  on the Seokchon-dong Ancient Tomb No. 1, Seoul",-
316,SCT-81,209023,544720,Seokchon-dong Tombs,Stone-mound Tomb No. 8,-,Tomb,-,Radpion,RPC-210209,Charcoal,1760,30,-26.6,"Seoul Baekje Museum, 2024, Excavation Report  on the Seokchon-dong Ancient Tomb No. 1, Seoul",-
317,MCTS-59,210730,547100,"Mongchontoseong North Gate Site, Inner Side (2013-2014)",Unified Silla Dwelling No. 4,1,Dwelling,Mongchon-14-1,Seoul National University,SNU 14-046,Charcoal,1320,40,-,"Seoul Baekje Museum, 2016, Mongchontoseong ",-
318,MCTS-60,210730,547100,"Mongchontoseong North Gate Site, Inner Side (2013-2014)",Unified Silla Dwelling No. 4,2,Dwelling,Mongchon-14-2,Seoul National University,SNU 14-147,Charcoal,1250,60,-,"Seoul Baekje Museum, 2016, Mongchontoseong ",-
319,MCTS-61,210732,547108,"Mongchontoseong North Gate Site, Inner Side (2013-2014)",Unified Silla Dwelling No. 1,Interior posthole,Dwelling,Mongchon-14-3,KIGAM,KGM-OWd150388,Charcoal,1670,30,-26.9,"Seoul Baekje Museum, 2016, Mongchontoseong ",-
320,MCTS-62,210731,547096,"Mongchontoseong North Gate Site, Inner Side (2013-2014)",Unified Silla Dwelling No. 5,"2, Underfloor heating floor(17.02m)",Dwelling,Mongchon-14-4,KIGAM,KMG-OWd150389,Charcoal,1590,30,-26.7,"Seoul Baekje Museum, 2016, Mongchontoseong ",-
321,MCTS-63,210735,547099,"Mongchontoseong North Gate Site, Inner Side (2013-2014)",Unified Silla Dwelling No. 8,Floor surface,Dwelling,Mongchon-14-5,KIGAM,KGM-OWd150390,Charcoal,1260,30,-25,"Seoul Baekje Museum, 2016, Mongchontoseong ",-
322,MCTS-64,210736,547094,"Mongchontoseong North Gate Site, Inner Side (2013-2014)",Unified Silla Dwelling No. 10,"2, Interior posthole No. 5",Dwelling,Mongchon-14-6,KIGAM,KGM-OWd150391,Charcoal,1560,40,-26.6,"Seoul Baekje Museum, 2016, Mongchontoseong ",-
323,MCTS-65,210723,547096,"Mongchontoseong North Gate Site, Inner Side (2013-2014)",Unified Silla Dwelling No. 11,"1, Floor surface",Dwelling,Mongchon-14-7,KIGAM,KGM-OWd150392,Charcoal,1280,30,-24.8,"Seoul Baekje Museum, 2016, Mongchontoseong ",-
324,MCTS-66,210726,547093,"Mongchontoseong North Gate Site, Inner Side (2013-2014)",Unified Silla Dwelling No. 13,Underfloor heating floor,Dwelling,Mongchon-14-8,KIGAM,KGM-OWd150393,Charcoal,1520,30,-25.7,"Seoul Baekje Museum, 2016, Mongchontoseong ",-
325,MCTS-67,210721,547104,"Mongchontoseong North Gate Site, Inner Side (2013-2014)",Unified Silla Dwelling No. 14,Floor surface,Dwelling,Mongchon-14-9,KIGAM,KGM-OWd150394,Charcoal,1360,50,-29.8,"Seoul Baekje Museum, 2016, Mongchontoseong ",-
326,MCTS-68,210741,547091,"Mongchontoseong North Gate Site, Inner Side (2013-2014)",Unified Silla Dwelling No. 16,"2, Underfloor heating floor",Dwelling,Mongchon-14-10,KIGAM,KGM-OWd150395,Charcoal,1300,30,-26.5,"Seoul Baekje Museum, 2016, Mongchontoseong ",-
327,MCTS-69,210753,547072,"Mongchontoseong North Gate Site, Inner Side (2013-2014)",Unified Silla Dwelling No. 17,Baulk removal sample,Dwelling,Mongchon-14-14,KIGAM,KGM-OWd150399,Charcoal,1610,30,-25.5,"Seoul Baekje Museum, 2016, Mongchontoseong ",-
328,PNTS-113,210123,548445,Pungnaptoseong Mirae,Building Ma-1,Post of the East Wall,Building,-,Seoul National University,SNU 12-R265,Charcoal,1780,40,-23.9,"National Research Institute of Cultural Heritage, 2013, Pungnaptoseong ⒱_",-
329,PNTS-114,210111,548430,Pungnaptoseong Mirae,Pit Ma-24,Eastern side,Pit,-,Seoul National University,SNU 12-R264,Charcoal,1700,40,-24.92,"National Research Institute of Cultural Heritage, 2013, Pungnaptoseong ⒱_",-